ticker,name,exchange,category name,country,,,
AI.PA,Air Liquide, société anonyme,PAR,Chemicals - Major Diversified,France,,,
CS.PA,AXA SA,PAR,Property & Casualty Insurance,France,,,
ALO.PA,Alstom SA,PAR,Diversified Machinery,France,,,
AC.PA,Accor SA,PAR,Lodging,France,,,
AF.PA,Air France-KLM SA,PAR,Major Airlines,France,,,
ALEHT.PA,Diaxonhit,PAR,Biotechnology,France,,,
SIPH.PA,Société Internationale de Plantations d'Hévéas Société Anonyme,PAR,Lumber, Wood Production,France,,,
CAFO.PA,Centrale d'Achat Française pour l'Outre-Mer Société Anonyme,PAR,Specialty Retail, Other,France,,,
RMS.PA,Hermès International Société en commandite par actions,PAR,Jewelry Stores,France,,,
PHM7.DE,Altria Group, Inc.,FRA,Tobacco Products, Other,France,,,
MLMAB.PA,Maison Antoine Baud Société Anonyme,PAR,REIT - Office,France,,,
CDA.PA,Compagnie des Alpes SA,PAR,Resorts & Casinos,France,,,
ATO.PA,Atos SE,PAR,Information Technology Services,France,,,
ATA.PA,Atari SA,PAR,Multimedia & Graphics Software,France,,,
ALT.PA,Altran Technologies S.A.,PAR,Information Technology Services,France,,,
ALMDG.PA,MGI Digital Technology Société Anonyme,PAR,Business Services,France,,,
ALAST.PA,Astellia S.A.,PAR,Technical & System Software,France,,,
ADP.PA,Aéroports de Paris SA,PAR,Air Services, Other,France,,,
ZC.PA,Zodiac Aerospace,PAR,Aerospace/Defense - Major Diversified,France,,,
XIL.PA,Xilam Animation,PAR,Entertainment - Diversified,France,,,
BNP.PA,BNP Paribas SA,PAR,Money Center Banks,France,,,
BN.PA,Danone,PAR,Food - Major Diversified,France,,,
BAIN.PA,Société Anonyme des Bains de Mer et du Cercle des Étrangers à Monaco,PAR,Resorts & Casinos,France,,,
EN.PA,Bouygues SA,PAR,General Contractors,France,,,
ML.PA,Compagnie Générale des Etablissements Michelin,PAR,Rubber & Plastics,France,,,
DSY.PA,Dassault Systèmes SE,PAR,Technical & System Software,France,,,
EDF.PA,Electricité de France S.A.,PAR,Diversified Utilities,France,,,
SMTPC.PA,Société Marseillaise du Tunnel Prado Carénage,PAR,Heavy Construction,France,,,
VOW3.F,Volkswagen Aktiengesellschaft,FRA,Auto Manufacturers - Major,France,,,
SOW.F,Software Aktiengesellschaft,FRA,Business Software & Services,France,,,
PUM.F,PUMA SE,FRA,Textile - Apparel Footwear & Accessories,France,,,
LHA.F,Deutsche Lufthansa Aktiengesellschaft,FRA,Major Airlines,France,,,
IFX.F,Infineon Technologies AG,FRA,Semiconductor - Broad Line,France,,,
HOT.F,HOCHTIEF Aktiengesellschaft,FRA,General Contractors,France,,,
FME.F,Fresenius Medical Care AG & Co. KGAA,FRA,Hospitals,France,,,
FDR.PA,Fonciere des Regions,PAR,REIT - Diversified,France,,,
EVT.F,Evotec AG,FRA,Drugs - Generic,France,,,
EUZ.F,Eckert & Ziegler Strahlen- und Medizintechnik AG,FRA,Medical Appliances & Equipment,France,,,
DVT.PA,Devoteam S.A.,PAR,Information Technology Services,France,,,
DPT.PA,S.T. Dupont S.A.,PAR,Textile - Apparel Clothing,France,,,
DGM.PA,Diagnostic Medical Systems S.A.,PAR,Medical Appliances & Equipment,France,,,
DBV.PA,DBV Technologies S.A.,PAR,Biotechnology,France,,,
CBSM.PA,SociÃ©tÃ© Centrale des Bois et des Scieries de la Manche S.A.,PAR,REIT - Diversified,France,,,
BSD.PA,Bourse Direct Société Anonyme,PAR,Investment Brokerage - National,France,,,
BMW.F,Bayerische Motoren Werke Aktiengesellschaft,FRA,Auto Manufacturers - Major,France,,,
WIN.F,Diebold Nixdorf Aktiengesellschaft,FRA,Business Software & Services,France,,,
WDI.F,Wirecard AG,FRA,Business Services,France,,,
WDC.F,Western Digital Corporation,FRA,Data Storage Devices,France,,,
VVV3.F,ÖKOWORLD AG,FRA,Insurance Brokers,France,,,
VOW.F,Volkswagen Aktiengesellschaft,FRA,Auto Manufacturers - Major,France,,,
USE.F,Beate Uhse AG,FRA,Specialty Retail, Other,France,,,
TUI1.F,TUI AG,FRA,Recreational Goods, Other,France,,,
SY1.F,Symrise AG,FRA,Specialty Chemicals,France,,,
SWA.F,Schloss Wachenheim AG,FRA,Beverages - Wineries & Distillers,France,,,
STO3.F,Sto SE & Co. KGaA,FRA,General Building Materials,France,,,
SMHN.F,SÜSS MicroTec SE,FRA,Semiconductor Equipment & Materials,France,,,
SIX2.F,Sixt SE,FRA,Rental & Leasing Services,France,,,
SGL.F,SGL Carbon SE,FRA,Chemicals - Major Diversified,France,,,
SAZ.F,STADA Arzneimittel Aktiengesellschaft,FRA,Drugs - Generic,France,,,
S92.F,SMA Solar Technology AG,FRA,Diversified Utilities,France,,,
R6C3.F,Royal Dutch Shell plc,FRA,Major Integrated Oil & Gas,France,,,
PS4.F,Phoenix Solar Aktiengesellschaft,FRA,Diversified Utilities,France,,,
PPA.F,PA Power Automation AG,FRA,Technical & System Software,France,,,
PAH3.F,Porsche Automobil Holding SE,FRA,Auto Manufacturers - Major,France,,,
PA8.F,Paion AG,FRA,Biotechnology,France,,,
ODET.PA,Financière de l'Odet SA,PAR,Conglomerates,France,,,
O1BC.F,XING AG,FRA,Internet Information Providers,France,,,
NDA.F,Aurubis AG,FRA,Copper,France,,,
MUV2.F,Münchener Rückversicherungs-Gesellschaft Aktiengesellschaft,FRA,Property & Casualty Insurance,France,,,
MUM.F,Mensch und Maschine Software SE,FRA,Business Services,France,,,
MTX.F,MTU Aero Engines AG,FRA,Aerospace/Defense - Major Diversified,France,,,
MLTRA.PA,Compagnie des Tramways de Rouen SA,PAR,Conglomerates,France,,,
MLTED.PA,Telecom Design SA,PAR,Communication Equipment,France,,,
MLLEM.PA,Lecteurs Du Monde,PAR,Business Services,France,,,
MLL.F,Müller - Die lila Logistik AG,FRA,Air Delivery & Freight Services,France,,,
MLEAU.PA,Societe des Eaux de Douai SA,PAR,Water Utilities,France,,,
MLDAM.PA,Damaris SA,PAR,Technical & System Software,France,,,
MLCMB.PA,Compagnie Du Mont-Blanc,PAR,Recreational Goods, Other,France,,,
MLCFM.PA,CFM Indosuez Wealth,PAR,Money Center Banks,France,,,
MAN3.F,MAN SE,FRA,Trucks & Other Vehicles,France,,,
LXS.F,LANXESS Aktiengesellschaft,FRA,Specialty Chemicals,France,,,
LEG.F,LEG Immobilien AG,FRA,General Building Materials,France,,,
KWS.F,KWS Saat SE,FRA,Farm Products,France,,,
KRN.F,Krones AG,FRA,Diversified Machinery,France,,,
KBC.F,Kontron AG,FRA,Computer Based Systems,France,,,
HNR1.F,Hannover Rück SE,FRA,Property & Casualty Insurance,France,,,
HNL.F,Dr. Hönle AG,FRA,Electronic Equipment,France,,,
HEI.F,HeidelbergCement AG,FRA,General Building Materials,France,,,
HDP.PA,Les Hotels De Paris SA,PAR,Lodging,France,,,
HDD.F,Heidelberger Druckmaschinen Aktiengesellschaft,FRA,Diversified Machinery,France,,,
HBM.F,Hornbach Baumarkt AG,FRA,Home Furnishings & Fixtures,France,,,
GUYD.PA,Guy Degrenne S.A.,PAR,Personal Products,France,,,
FEV.F,Fortec Elektronik AG,FRA,Electronic Equipment,France,,,
FDL.PA,Foncière Développement Logements,PAR,REIT - Residential,France,,,
EBK.F,EnBW Energie Baden-Württemberg AG,FRA,Diversified Utilities,France,,,
SEV.PA,SUEZ SA,PAR,Water Utilities,France,,,
ERF.PA,Eurofins Scientific SE,PAR,Medical Laboratories & Research,France,,,
EO.PA,Faurecia S.A.,PAR,Auto Parts,France,,,
EI.PA,Essilor International Société Anonyme,PAR,Medical Instruments & Supplies,France,,,
CBE.PA,Robertet SA,PAR,Chemicals - Major Diversified,France,,,
SU.PA,Schneider Electric S.E.,PAR,Diversified Machinery,France,,,
ERSC.PA,Eurosic SA,PAR,REIT - Diversified,France,,,
ELIOR.PA,Elior Group,PAR,Restaurants,France,,,
ECP.PA,EuropaCorp,PAR,Broadcasting - TV,France,,,
VIE.PA,Veolia Environnement S.A.,PAR,Waste Management,France,,,
UBI.PA,Ubisoft Entertainment SA,PAR,Multimedia & Graphics Software,France,,,
SESL.PA,SES-imagotag,PAR,Diversified Electronics,France,,,
RF.PA,Eurazeo SE,PAR,Asset Management,France,,,
GPE.PA,Groupe Pizzorno Environnement,PAR,Waste Management,France,,,
FGR.PA,Eiffage SA,PAR,General Contractors,France,,,
ES.PA,Esso S.A.F.,PAR,Oil & Gas Refining & Marketing,France,,,
ERYP.PA,Erytech Pharma Société Anonyme,PAR,Biotechnology,France,,,
EOS.PA,ACTEOS S.A.,PAR,Business Software & Services,France,,,
EKI.PA,EKINOPS S.A.,PAR,Semiconductor Equipment & Materials,France,,,
EDEN.PA,Edenred SA,PAR,Credit Services,France,,,
ALSAS.PA,Stradim Espace Finances SA,PAR,Property Management,France,,,
ALGEM.PA,Eurogerm SA,PAR,Farm Products,France,,,
XONA.DE,Exxon Mobil Corporation,FRA,Major Integrated Oil & Gas,France,,,
MLCVG.PA,SociÃ©tÃ© des Chemins de Fer et Tramways du Var et du Gard,PAR,Asset Management,France,,,
PUB.PA,Publicis Groupe S.A.,PAR,Advertising Agencies,France,,,
OR.PA,L'Oréal S.A.,PAR,Personal Products,France,,,
SAN.PA,Sanofi,PAR,Drug Manufacturers - Major,France,,,
SAF.PA,Safran SA,PAR,Aerospace/Defense - Major Diversified,France,,,
GLE.PA,Societe Generale Group,PAR,Money Center Banks,France,,,
CRTO.PA,Caisse RÃ©gionale de CrÃ©dit Agricole Mutuel de La Touraine et du Poitou,PAR,Money Center Banks,France,,,
VIV.PA,Vivendi SA,PAR,Wireless Communications,France,,,
SOI.PA,Soitec S.A.,PAR,Semiconductor Equipment & Materials,France,,,
VRAP.PA,Vranken-Pommery Monopole Société anonyme,PAR,Beverages - Brewers,France,,,
TOTB.DE,TOTAL S.A.,FRA,Major Integrated Oil & Gas,France,,,
TKTT.PA,Tarkett S.A.,PAR,General Building Materials,France,,,
TCH.PA,Technicolor SA,PAR,Entertainment - Diversified,France,,,
SOP.PA,Sopra Steria Group,PAR,Information Technology Services,France,,,
QUA.PA,Quantel,PAR,Medical Appliances & Equipment,France,,,
MC.PA,LVMH Moët Hennessy Louis Vuitton S.E.,PAR,Jewelry Stores,France,,,
MAU.PA,Etablissements Maurel & Prom S.A.,PAR,Independent Oil & Gas,France,,,
ILD.PA,Iliad SA,PAR,Wireless Communications,France,,,
HO.PA,Thales S.A.,PAR,Aerospace/Defense - Major Diversified,France,,,
FR.PA,Valeo SA,PAR,Auto Parts,France,,,
FP.PA,TOTAL S.A.,PAR,Major Integrated Oil & Gas,France,,,
CAF.PA,Caisse RÃ©gionale de CrÃ©dit Agricole Mutuel de Paris et d'Ile-de-France,PAR,Money Center Banks,France,,,
VK.PA,Vallourec SA,PAR,Steel & Iron,France,,,
VIRP.PA,Virbac SA,PAR,Drug Manufacturers - Major,France,,,
VAC.PA,Pierre & Vacances SA,PAR,Lodging,France,,,
UG.PA,Peugeot S.A.,PAR,Auto Manufacturers - Major,France,,,
THEP.PA,Thermador Groupe Société Anonyme,PAR,Business Services,France,,,
TES.PA,Tessi SA,PAR,Information Technology Services,France,,,
SX.PA,CS Communication & Systemes SA,PAR,Aerospace/Defense - Major Diversified,France,,,
SW.PA,Sodexo S.A.,PAR,Business Services,France,,,
STAL.PA,Installux SA,PAR,General Building Materials,France,,,
SNW.DE,Sanofi,FRA,Drug Manufacturers - Major,France,,,
SGO.PA,Compagnie de Saint-Gobain S.A.,PAR,General Building Materials,France,,,
RXL.PA,Rexel S.A.,PAR,Business Services,France,,,
RI.PA,Pernod Ricard SA,PAR,Beverages - Wineries & Distillers,France,,,
RCO.PA,Rémy Cointreau SA,PAR,Beverages - Wineries & Distillers,France,,,
PARRO.PA,Parrot S.A.,PAR,Communication Equipment,France,,,
NEO.PA,Neopost S.A.,PAR,Business Equipment,France,,,
MGIC.PA,MGI Coutier SA,PAR,Auto Parts,France,,,
ITXT.PA,Intexa S.A.,PAR,Textile - Apparel Clothing,France,,,
ICAD.PA,Icade S.A.,PAR,REIT - Diversified,France,,,
HBW.PA,Hubwoo,PAR,Information Technology Services,France,,,
HAV.PA,Havas SA,PAR,Marketing Services,France,,,
GDS.PA,Ramsay Générale de Santé SA,PAR,Health Care Plans,France,,,
FLY.PA,Societe Fonciere Lyonnaise,PAR,REIT - Office,France,,,
FLE.PA,Fleury Michon SA,PAR,Food - Major Diversified,France,,,
FII.PA,Lisi S.A.,PAR,Aerospace/Defense - Major Diversified,France,,,
COX.PA,Nicox S.A.,PAR,Biotechnology,France,,,
CA.PA,Carrefour SA,PAR,Grocery Stores,France,,,
BVI.PA,Bureau Veritas SA,PAR,Business Services,France,,,
BB.PA,Société BIC SA,PAR,Personal Products,France,,,
XCA.DE,Credit Agricole S.A.,FRA,Money Center Banks,France,,,
VRNL.PA,Verneuil Participations SA,PAR,Asset Management,France,,,
TRI.PA,Trigano S.A.,PAR,Recreational Goods, Other,France,,,
TOUP.PA,Touax SCA,PAR,Shipping,France,,,
TER.PA,Terreïs (France),PAR,REIT - Diversified,France,,,
SWP.PA,Sword Group S.E.,PAR,Technical & System Software,France,,,
STF.PA,Stef SA,PAR,Railroads,France,,,
SOA.PA,Sodifrance SA,PAR,Business Software & Services,France,,,
SEC.PA,Soditech SA,PAR,General Contractors,France,,,
SBT.PA,Oeneo SA,PAR,Beverages - Brewers,France,,,
RNO.PA,Renault SA,PAR,Auto Manufacturers - Major,France,,,
QTE.PA,Quotium Technologies SA,PAR,Technical & System Software,France,,,
PIX.PA,Pixium Vision SA,PAR,Medical Instruments & Supplies,France,,,
PIG.PA,Haulotte Group SA,PAR,Trucks & Other Vehicles,France,,,
OPN.PA,Groupe Open,PAR,Information Technology Services,France,,,
NOA3.DE,Nokia Corporation,FRA,Communication Equipment,France,,,
NK.PA,Imerys SA,PAR,General Building Materials,France,,,
NANO.PA,Nanobiotix SA,PAR,Drug Manufacturers - Major,France,,,
MMT.PA,Métropole Télévision S.A.,PAR,Broadcasting - TV,France,,,
MLSTR.PA,Streit Mecanique SA,PAR,Auto Parts,France,,,
MLSIM.PA,Simo International Société Anonyme,PAR,Textile - Apparel Footwear & Accessories,France,,,
MLRAM.PA,Raphaël Michel S.A.,PAR,Beverages - Wineries & Distillers,France,,,
MLNOV.PA,Novatech Industries,PAR,Diversified Electronics,France,,,
MLHBB.PA,Financiere Hoche Bains-Les-Bains SA,PAR,Mortgage Investment,France,,,
MLCNT.PA,Consort NT SA,PAR,Information Technology Services,France,,,
MF.PA,Wendel,PAR,Asset Management,France,,,
MERY.PA,Mercialys S.A.,PAR,REIT - Retail,France,,,
MED.PA,Medasys S.A.,PAR,Healthcare Information Services,France,,,
MAGIS.PA,Ymagis Société Anonyme,PAR,Entertainment - Diversified,France,,,
LBON.PA,Compagnie Lebon,PAR,Asset Management,France,,,
LACR.PA,Lacroix SA,PAR,Scientific & Technical Instruments,France,,,
KN.PA,Natixis S.A.,PAR,Money Center Banks,France,,,
JBOG.PA,Jacques Bogart S.A.,PAR,Personal Products,France,,,
ITE.PA,Itesoft SA,PAR,Technical & System Software,France,,,
IPS.PA,Ipsos SA,PAR,Marketing Services,France,,,
IPN.PA,Ipsen S.A.,PAR,Drugs - Generic,France,,,
IPH.PA,Innate Pharma S.A.,PAR,Biotechnology,France,,,
IML.PA,Affine R.E.,PAR,REIT - Diversified,France,,,
GZF.DE,ENGIE SA,FRA,Diversified Utilities,France,,,
GTT.PA,Gaztransport & Technigaz S.A.,PAR,Diversified Machinery,France,,,
GFI.PA,GFI Informatique SA,PAR,Information Technology Services,France,,,
GFC.PA,Gecina SA,PAR,REIT - Diversified,France,,,
GEA.PA,Grenobloise d'Electronique et d'Automatismes Société Anonyme,PAR,Business Equipment,France,,,
GBT.PA,Guerbet SA,PAR,Medical Appliances & Equipment,France,,,
FREY.PA,Frey SA,PAR,REIT - Retail,France,,,
FPN.PA,Foncière Paris Nord,PAR,REIT - Office,France,,,
FPG.PA,Union Technologies Informatique Group S.A.,PAR,Information Technology Services,France,,,
FNTS.PA,Finatis Société Anonyme,PAR,Food Wholesale,France,,,
FNAC.PA,Fnac Darty SA,PAR,Specialty Retail, Other,France,,,
FMC1.F,Ford Motor Company,FRA,Auto Manufacturers - Major,France,,,
FFP.PA,FFP Société anonyme,PAR,Asset Management,France,,,
FEM.PA,auFeminin.com,PAR,Internet Information Providers,France,,,
FBEL.PA,Fromageries Bel,PAR,Food - Major Diversified,France,,,
FAYE.PA,Fayenceries de Sarreguemines, Digoin & Vitry-le-Francois Société Anonyme,PAR,Personal Products,France,,,
CIV.PA,Caisse Régionale De Crédit Agricole Mutuel D'ille-Et-Vilaine,PAR,Money Center Banks,France,,,
CGM.PA,Cegedim SA,PAR,Healthcare Information Services,France,,,
BOL.PA,Bollore,PAR,Air Delivery & Freight Services,France,,,
BELI.PA,Le Bélier S.A.,PAR,Auto Parts,France,,,
ALUMS.PA,Umanis SA,PAR,Information Technology Services,France,,,
ALTRA.PA,Traqueur SA,PAR,Scientific & Technical Instruments,France,,,
ALTER.PA,Theradiag SA,PAR,Medical Laboratories & Research,France,,,
ALINN.PA,Millet Innovation SA,PAR,Personal Products,France,,,
ALHVS.PA,Harvest S.A.,PAR,Business Software & Services,France,,,
ALGEN.PA,genOway Société Anonyme,PAR,Biotechnology,France,,,
ALCLS.PA,Cellectis S.A.,PAR,Biotechnology,France,,,
ALCLA.PA,Clasquin S.A.,PAR,Air Delivery & Freight Services,France,,,
ALBUD.PA,Budget Telecom S.A.,PAR,Wireless Communications,France,,,
ALALO.PA,Acheter-Louer.Fr SA,PAR,Advertising Agencies,France,,,
ALADO.PA,Adomos S.A.,PAR,Property Management,France,,,
AKA.PA,Akka Technologies,PAR,Business Services,France,,,
ACA.PA,Credit Agricole S.A.,PAR,Money Center Banks,France,,,
WFM.F,Whole Foods Market, Inc.,FRA,Grocery Stores,France,,,
VVU.DE,Vivendi SA,FRA,Wireless Communications,France,,,
VLAP.PA,Valneva SE,PAR,Biotechnology,France,,,
VCT.PA,Vicat SA,PAR,General Building Materials,France,,,
UFF.PA,Union Financiere de France Banque SA,PAR,Asset Management,France,,,
UDIS.PA,U10 SA,PAR,Home Furnishings & Fixtures,France,,,
TNG.PA,Transgene SA,PAR,Biotechnology,France,,,
MLFIH.PA,Industrial Holding S.P.A,PAR,Real Estate Development,France,,,
HSB.PA,HSBC Holdings plc,PAR,Money Center Banks,France,,,
SON1.DE,Sony Corporation,FRA,Electronic Equipment,France,,,
MSTY.PA,Mainstay Medical International plc,PAR,Medical Appliances & Equipment,France,,,
GJAJ.PA,Groupe JAJ,PAR,Textile - Apparel Clothing,France,,,
DEC.PA,JCDecaux SA,PAR,Advertising Agencies,France,,,
CMC.F,JPMorgan Chase & Co.,FRA,Money Center Banks,France,,,
MLEST.PA,Societe Du Journal L'Est Republicain Société Anonyme,PAR,Publishing - Newspapers,France,,,
TOM.F,Toyota Motor Corporation,FRA,Auto Manufacturers - Major,France,,,
JNJ.F,Johnson & Johnson,FRA,Drug Manufacturers - Major,France,,,
TSE1.F,Toshiba Corporation,FRA,Diversified Machinery,France,,,
MLJAN.PA,Jane France,PAR,Beverages - Soft Drinks,France,,,
MLKRI.PA,Bernard Krief Consultants SA,PAR,Mortgage Investment,France,,,
KPN.DE,Koninklijke KPN N.V.,FRA,Wireless Communications,France,,,
KOF.PA,Kaufman & Broad S.A.,PAR,Residential Construction,France,,,
KEY.PA,Keyrus S.A.,PAR,Information Technology Services,France,,,
ALKEY.PA,Keyyo S.A.,PAR,Wireless Communications,France,,,
KABN.F,dormakaba Holding AG,FRA,Security & Protection Services,France,,,
KGX.F,KION GROUP AG,FRA,Trucks & Other Vehicles,France,,,
LAX.PA,Stelax Industries Ltd.,PAR,Conglomerates,France,,,
PM.PA,Philip Morris International Inc.,PAR,Tobacco Products, Other,France,,,
MLSEQ.PA,Sequa Petroleum N.V.,PAR,Independent Oil & Gas,France,,,
MTE.DE,Micron Technology, Inc.,FRA,Semiconductor- Memory Chips,France,,,
MMM.F,3M Company,FRA,Diversified Machinery,France,,,
STM.PA,STMicroelectronics N.V.,PAR,Semiconductor - Broad Line,France,,,
QIA.F,QIAGEN N.V.,FRA,Medical Laboratories & Research,France,,,
PHI1.DE,Koninklijke Philips N.V.,FRA,Electronic Equipment,France,,,
NXI.PA,Nexity SA,PAR,Property Management,France,,,
NTH.F,Northrop Grumman Corporation,FRA,Aerospace/Defense - Major Diversified,France,,,
NRO.PA,Neurones S.A.,PAR,Information Technology Services,France,,,
NGLB.F,Anglo American plc,FRA,Industrial Metals & Minerals,France,,,
NEX.PA,Nexans S.A.,PAR,Diversified Machinery,France,,,
ORP.PA,ORPEA Société Anonyme,PAR,Long-Term Care Facilities,France,,,
ORAP.PA,Orapi,PAR,Specialty Chemicals,France,,,
OLG.PA,Olympique Lyonnais Groupe SA,PAR,Broadcasting - TV,France,,,
MLONE.PA,Body One SA,PAR,Textile - Apparel Clothing,France,,,
ALONC.PA,Oncodesign Société Anonyme,PAR,Biotechnology,France,,,
ALODI.PA,O2i Société Anonyme,PAR,Technical & System Software,France,,,
ORC.F,Oracle Corporation,FRA,Business Software & Services,France,,,
AOX.F,alstria office REIT-AG,FRA,REIT - Office,France,,,
OSP2.F,USU Software AG,FRA,Information Technology Services,France,,,
OHB.F,OHB SE,FRA,Aerospace/Defense - Major Diversified,France,,,
QSC.F,QSC AG,FRA,Wireless Communications,France,,,
QCI.F,QUALCOMM Incorporated,FRA,Communication Equipment,France,,,
QB7.F,Quirin Privatbank AG,FRA,Money Center Banks,France,,,
QS5.F,Straumann Holding AG,FRA,Medical Instruments & Supplies,France,,,
QYM.F,Sociedad Química y Minera de Chile S.A.,FRA,Chemicals - Major Diversified,France,,,
AGTA.PA,agta record ag,PAR,General Building Materials,France,,,
SQI.PA,SQLi,PAR,Information Technology Services,France,,,
RX.PA,Recylex S.A.,PAR,Industrial Metals & Minerals,France,,,
CATR.PA,Caterpillar Inc.,PAR,Farm & Construction Machinery,France,,,
CIS.DE,Cisco Systems, Inc.,FRA,Communication Equipment,France,,,
CHV.F,Chevron Corporation,FRA,Major Integrated Oil & Gas,France,,,
WMT.DE,Wal-Mart Stores, Inc.,FRA,Discount, Variety Stores,France,,,
UPAB.F,United Parcel Service, Inc.,FRA,Air Delivery & Freight Services,France,,,
UNH.F,UnitedHealth Group Incorporated,FRA,Health Care Plans,France,,,
SSU.F,Samsung Electronics Co., Ltd.,FRA,Electronic Equipment,France,,,
SRB.F,Starbucks Corporation,FRA,Restaurants,France,,,
SONA.F,Sony Corporation,FRA,Electronic Equipment,France,,,
REPA.F,Repsol, S.A.,FRA,Major Integrated Oil & Gas,France,,,
PEP.F,Pepsico, Inc.,FRA,Beverages - Soft Drinks,France,,,
MRK.PA,Merck & Co., Inc.,PAR,Drug Manufacturers - Major,France,,,
MOO.F,Monsanto Company,FRA,Agricultural Chemicals,France,,,
MDO.DE,McDonald's Corporation,FRA,Restaurants,France,,,
INL.DE,Intel Corporation,FRA,Semiconductor - Broad Line,France,,,
ILU.F,Illumina, Inc.,FRA,Medical Instruments & Supplies,France,,,
IBM.DE,International Business Machines Corporation,FRA,Information Technology Services,France,,,
HBC2.F,HSBC Holdings plc,FRA,Money Center Banks,France,,,
GAZ.F,Public Joint Stock Company Gazprom,FRA,Major Integrated Oil & Gas,France,,,
FDX.F,FedEx Corporation,FRA,Air Delivery & Freight Services,France,,,
DTEA.F,Deutsche Telekom AG,FRA,Wireless Communications,France,,,
CPA.DE,Colgate-Palmolive Company,FRA,Personal Products,France,,,
CIS.F,Cisco Systems, Inc.,FRA,Communication Equipment,France,,,
BHP.F,BHP Billiton Limited,FRA,Industrial Metals & Minerals,France,,,
BAYA.F,Bayer Aktiengesellschaft,FRA,Drug Manufacturers - Major,France,,,
BAC.F,Verizon Communications Inc.,FRA,Wireless Communications,France,,,
B1C.F,Baidu, Inc.,FRA,Internet Information Providers,France,,,
APC.F,Apple Inc.,FRA,Electronic Equipment,France,,,
APC.DE,Apple Inc.,FRA,Electronic Equipment,France,,,
ALUCR.PA,UCAR SA,PAR,Rental & Leasing Services,France,,,
ALD.F,Honeywell International Inc.,FRA,Diversified Machinery,France,,,
RIN.PA,VILMORIN & CIE,PAR,Farm Products,France,,,
MLVER.PA,Verney-Carron SA,PAR,Aerospace/Defense - Major Diversified,France,,,
GV.PA,Genomic Vision Société Anonyme,PAR,Food - Major Diversified,France,,,
DG.PA,VINCI SA,PAR,General Contractors,France,,,
CVLA.F,Vale S.A.,FRA,Industrial Metals & Minerals,France,,,
CRAV.PA,Crédit Agricole Atlantique Vendée,PAR,Money Center Banks,France,,,
BMW3.F,Bayerische Motoren Werke Aktiengesellschaft,FRA,Auto Manufacturers - Major,France,,,
ALVXM.PA,Vexim SA,PAR,Medical Instruments & Supplies,France,,,
ALVMG.PA,Visiomed Group SA,PAR,Medical Appliances & Equipment,France,,,
ALVDM.PA,Voyageurs du Monde Société Anonyme,PAR,Recreational Goods, Other,France,,,
ALVDI.PA,VDI Group Société Anonyme,PAR,Specialty Retail, Other,France,,,
VWS.F,Vestas Wind Systems A/S,FRA,Diversified Machinery,France,,,
VAC.DE,Vallourec SA,FRA,Steel & Iron,France,,,
EIN3.F,Einhell Germany AG,FRA,Machine Tools & Accessories,France,,,
PFV.F,Pfeiffer Vacuum Technology AG,FRA,Diversified Machinery,France,,,
VOW4.F,Volkswagen Aktiengesellschaft,FRA,Auto Manufacturers - Major,France,,,
MLVES.PA,Vestasia Limited,PAR,Asset Management,France,,,
3V64.F,Visa Inc.,FRA,Credit Services,France,,,
HEN3.F,Henkel AG & Co. KGaA,FRA,Personal Products,France,,,
BIO3.F,Biotest Aktiengesellschaft,FRA,Biotechnology,France,,,
VIB3.F,Villeroy & Boch AG,FRA,Home Furnishings & Fixtures,France,,,
VOS.F,Vossloh AG,FRA,Railroads,France,,,
SHWK.F,SHS VIVEON AG,FRA,Information Technology Services,France,,,
MLPHW.PA,Phone Web SA,PAR,Business Services,France,,,
MBWS.PA,Marie Brizard Wine & Spirits SA,PAR,Beverages - Wineries & Distillers,France,,,
ALWEB.PA,Weborama SA,PAR,Internet Information Providers,France,,,
VWSA.F,Vestas Wind Systems A/S,FRA,Diversified Machinery,France,,,
KWG.F,KHD Humboldt Wedag International AG,FRA,Industrial Equipment Wholesale,France,,,
WL6.F,Wilex AG,FRA,Biotechnology,France,,,
DWNI.F,Deutsche Wohnen SE,FRA,Real Estate Development,France,,,
WAC.F,Wacker Neuson SE,FRA,Farm & Construction Machinery,France,,,
WUG3.F,Westag & Getalit AG,FRA,Home Furnishings & Fixtures,France,,,
WDP.F,The Walt Disney Company,FRA,Entertainment - Diversified,France,,,
WUG.F,Westag & Getalit AG,FRA,Home Furnishings & Fixtures,France,,,
MWB.F,mwb fairtrade Wertpapierhandelsbank AG,FRA,Investment Brokerage - National,France,,,
IGE.PA,IGE+XAO Group,PAR,Technical & System Software,France,,,
XONA.F,Exxon Mobil Corporation,FRA,Major Integrated Oil & Gas,France,,,
XCA.F,Credit Agricole S.A.,FRA,Money Center Banks,France,,,
XIX.F,Xilinx, Inc.,FRA,Semiconductor - Broad Line,France,,,
RNY.F,Yamana Gold Inc.,FRA,Gold,France,,,
IU2.F,Yara International ASA,FRA,Chemicals - Major Diversified,France,,,
YSN.F,secunet Security Networks Aktiengesellschaft,FRA,Technical & System Software,France,,,
YCP.F,ConocoPhillips,FRA,Independent Oil & Gas,France,,,
YOC.F,YOC AG,FRA,Marketing Services,France,,,
MLZAM.PA,ZCCM Investments Holdings Plc,PAR,Copper,France,,,
FZM.F,ZTE Corporation,FRA,Communication Equipment,France,,,
AFX.F,Carl Zeiss Meditec AG,FRA,Medical Laboratories & Research,France,,,
ZFIN.F,Zurich Insurance Group AG,FRA,Property & Casualty Insurance,France,,,
ZAL.F,Zalando SE,FRA,Specialty Retail, Other,France,,,
ZJS1.F,JinkoSolar Holding Co., Ltd.,FRA,Diversified Utilities,France,,,
ZFI1.F,Zurich Insurance Group AG,FRA,Property & Casualty Insurance,France,,,
ZEF.F,Zhongde Waste Technology Ag,FRA,Waste Management,France,,,
MLDUR.PA,DRDGOLD Limited,PAR,Gold,France,,,
T9Z.F,Zumtobel Group AG,FRA,Electronics Wholesale,France,,,
ZIL2.F,ElringKlinger AG,FRA,Auto Parts,France,,,
ZO1.F,zooplus AG,FRA,Food - Major Diversified,France,,,
ZAR.F,Renk Aktiengesellschaft,FRA,Diversified Machinery,France,,,
ARL.F,Aareal Bank AG,FRA,Money Center Banks,France,,,
AAD.F,Amadeus FiRe AG,FRA,Staffing & Outsourcing Services,France,,,
AAQ.F,AAP Implantate AG,FRA,Medical Appliances & Equipment,France,,,
ABJ.F,ABB Ltd,FRA,Diversified Machinery,France,,,
ABCA.PA,ABC Arbitrage SA,PAR,Asset Management,France,,,
ABBV.PA,AbbVie Inc.,PAR,Drug Manufacturers - Major,France,,,
AB.PA,AB Science S.A.,PAR,Drug Manufacturers - Major,France,,,
ABL.F,Abbott Laboratories,FRA,Medical Appliances & Equipment,France,,,
ABR.F,Barrick Gold Corporation,FRA,Gold,France,,,
ABJA.F,ABB Ltd,FRA,Diversified Machinery,France,,,
AB1.F,Air Berlin PLC,FRA,Major Airlines,France,,,
MLACP.PA,Acep France,PAR,Medical Instruments & Supplies,France,,,
CIB.PA,Cibox Inter@ctive,PAR,Computer Based Systems,France,,,
ACR.DE,Accor SA,FRA,Lodging,France,,,
ACAN.PA,Acanthe Developpement,PAR,REIT - Office,France,,,
ACWN.F,A.S. Création Tapeten AG,FRA,Home Furnishings & Fixtures,France,,,
E7S.F,Accentro Real Estate AG,FRA,Real Estate Development,France,,,
ACX.F,Bet-At-Home.com AG,FRA,Gaming Activities,France,,,
MLLEO.PA,Léon Grosse Actualités,PAR,General Contractors,France,,,
OCI1.F,ACS, Actividades de Construcción y Servicios, S.A.,FRA,General Contractors,France,,,
ACR.F,Accor SA,FRA,Lodging,France,,,
ACT.F,Actelion Ltd,FRA,Biotechnology,France,,,
AJ3.F,Acciona, S.A.,FRA,General Contractors,France,,,
ATI.PA,Actia Group,PAR,Diversified Electronics,France,,,
ALP.PA,ADLPartner,PAR,Advertising Agencies,France,,,
ALADM.PA,ADThink Media Societe Anonyme,PAR,Internet Information Providers,France,,,
ADVI.PA,AdVini S.A.,PAR,Beverages - Brewers,France,,,
ADS.F,Adidas AG,FRA,Textile - Apparel Footwear & Accessories,France,,,
ADI1.F,Adecco Group AG,FRA,Staffing & Outsourcing Services,France,,,
TNE2.F,Telefónica, S.A.,FRA,Wireless Communications,France,,,
EDG.F,Gold Fields Limited,FRA,Gold,France,,,
ADD.F,Adler Modemärkte AG,FRA,Apparel Stores,France,,,
MUVB.F,Münchener Rückversicherungs-Gesellschaft Aktiengesellschaft,FRA,Property & Casualty Insurance,France,,,
RYS2.F,The Royal Bank of Scotland Group plc,FRA,Money Center Banks,France,,,
ALVA.F,Allianz SE,FRA,Property & Casualty Insurance,France,,,
R6C2.F,Royal Dutch Shell plc,FRA,Major Integrated Oil & Gas,France,,,
INNA.F,ING Groep N.V.,FRA,Property & Casualty Insurance,France,,,
BY6A.F,BYD Company Limited,FRA,Auto Manufacturers - Major,France,,,
TATB.F,Tata Motors Limited,FRA,Auto Manufacturers - Major,France,,,
PHIA.F,Koninklijke Philips N.V.,FRA,Electronic Equipment,France,,,
ADOC.PA,Adocia SA,PAR,Biotechnology,France,,,
ERCA.F,Telefonaktiebolaget LM Ericsson (publ),FRA,Communication Equipment,France,,,
EOAA.F,E.ON SE,FRA,Diversified Utilities,France,,,
CSX1.F,Credit Suisse Group AG,FRA,Money Center Banks,France,,,
NOTA.F,Novartis AG,FRA,Drug Manufacturers - Major,France,,,
ADN1.F,adesso AG,FRA,Information Technology Services,France,,,
BASA.F,BASF SE,FRA,Chemicals - Major Diversified,France,,,
ADV.F,ADVA Optical Networking SE,FRA,Communication Equipment,France,,,
HNRB.F,Hannover Rück SE,FRA,Property & Casualty Insurance,France,,,
SIEB.F,Siemens Aktiengesellschaft,FRA,Diversified Machinery,France,,,
NESM.F,Nestlé S.A.,FRA,Food - Major Diversified,France,,,
VOW5.F,Volkswagen Aktiengesellschaft,FRA,Auto Manufacturers - Major,France,,,
TEV.F,Teva Pharmaceutical Industries Limited,FRA,Drugs - Generic,France,,,
ADL.F,ADLER Real Estate Aktiengesellschaft,FRA,Property Management,France,,,
NOAA.F,NOKIA OYJ A ADR 1/EO-,06,FRA,Communication Equipment,France,,,
RWEA.F,RWE Aktiengesellschaft,FRA,Diversified Utilities,France,,,
APM.F,ad pepper media International N.V.,FRA,Advertising Agencies,France,,,
EVTA.F,Evotec AG,FRA,Drugs - Generic,France,,,
SBNC.F,Sberbank of Russia,FRA,Money Center Banks,France,,,
BSU.F,BP PLC ADR/6 DL -,25,FRA,Major Integrated Oil & Gas,France,,,
SAPA.F,SAP SE,FRA,Technical & System Software,France,,,
AMD.DE,Advanced Micro Devices, Inc.,FRA,Semiconductor - Broad Line,France,,,
TOMA.F,Toyota Motor Corporation,FRA,Auto Manufacturers - Major,France,,,
R6C1.F,Royal Dutch Shell plc,FRA,Major Integrated Oil & Gas,France,,,
LHL1.F,Lenovo Group Limited,FRA,Computer Based Systems,France,,,
63DA.F,Deutsche Börse Aktiengesellschaft,FRA,Asset Management,France,,,
BSDK.F,Banco Santander, S.A.,FRA,Money Center Banks,France,,,
CTMA.F,China Mobile Limited,FRA,Wireless Communications,France,,,
IFXA.F,Infineon Technologies AG,FRA,Semiconductor - Broad Line,France,,,
RHO6.F,Roche Holding AG,FRA,Biotechnology,France,,,
RIOA.F,Rio Tinto plc,FRA,Industrial Metals & Minerals,France,,,
AE9.F,Agnico Eagle Mines Limited,FRA,Gold,France,,,
AEC1.F,American Express Company,FRA,Credit Services,France,,,
AEI.F,Allgeier SE,FRA,Information Technology Services,France,,,
MLNOT.PA,Novae Aerospace,PAR,Aerospace/Defense - Major Diversified,France,,,
BOAF.PA,Brasseries De L'ouest Africain,PAR,Beverages - Brewers,France,,,
AFO.PA,Afone S.A.,PAR,Wireless Communications,France,,,
FOAF.PA,Fin.Ouest Africain,PAR,Conglomerates,France,,,
CRLO.PA,Caisse Regionale de Credit Agricole Mutuel de la Loire-Haute-Loire SA,PAR,Money Center Banks,France,,,
CRBP2.PA,Crédit Agricole Brie Picardie,PAR,Money Center Banks,France,,,
CNF.PA,Crédit Agricole Nord de France,PAR,Money Center Banks,France,,,
CAT31.PA,Caisse Regionale de Credit Agricole Mutuel Toulouse 31,PAR,Money Center Banks,France,,,
ALAGR.PA,AgroGeneration SA,PAR,Farm Products,France,,,
H9W.F,HWA AG,FRA,Auto Parts,France,,,
ALG.F,Albis Leasing AG,FRA,Wireless Communications,France,,,
CMO.PA,Caisse Régionale de Crédit Agricole du Morbihan,PAR,Money Center Banks,France,,,
CRSU.PA,Caisse Régionale de Crédit Agricole Mutuel Sud Rhône Alpes,PAR,Money Center Banks,France,,,
CRLA.PA,Crédit Agricole du Languedoc,PAR,Money Center Banks,France,,,
MLAAH.PA,Amatheon Agri Holding N.V.,PAR,Farm Products,France,,,
AGE.F,Agfa-Gevaert N.V.,FRA,Diversified Machinery,France,,,
GTK.F,Tonkens Agrar AG,FRA,Farm Products,France,,,
MU4.F,m4e AG,FRA,Entertainment - Diversified,France,,,
AIL.F,Air Liquide, société anonyme,FRA,Chemicals - Major Diversified,France,,,
AIL.DE,Air Liquide, société anonyme,FRA,Chemicals - Major Diversified,France,,,
ALFBA.PA,Fashion Bel Air S.A.,PAR,Textile - Apparel Clothing,France,,,
AIXA.F,Aixtron SE,FRA,Semiconductor Equipment & Materials,France,,,
AJ91.F,DocCheck AG,FRA,Business Services,France,,,
AKE.PA,Arkema S.A.,PAR,Chemicals - Major Diversified,France,,,
LTA.PA,Altamir SCA,PAR,Asset Management,France,,,
CRAP.PA,Caisse Régionale de Crédit Agricole Mutuel Alpes Provence,PAR,Money Center Banks,France,,,
ATE.PA,Alten SA,PAR,Information Technology Services,France,,,
AOMD.DE,Alstom SA,FRA,Diversified Machinery,France,,,
ALV.F,Allianz SE,FRA,Property & Casualty Insurance,France,,,
ALUCI.PA,Lucibel SA,PAR,Diversified Electronics,France,,,
ALTHE.PA,Theraclion, S.A.S.,PAR,Medical Appliances & Equipment,France,,,
ALTEV.PA,Environnement S.A.,PAR,Scientific & Technical Instruments,France,,,
ALSIM.PA,Assima PLC,PAR,Business Software & Services,France,,,
ALS30.PA,Solutions 30 SE,PAR,Business Software & Services,France,,,
ALNEV.PA,Neovacs S.A.,PAR,Biotechnology,France,,,
ALNBT.PA,NetBooster SA,PAR,Marketing Services,France,,,
ALLOG.PA,Logic Instrument S.A.,PAR,Computer Based Systems,France,,,
ALIOX.PA,Innoveox,PAR,Pollution & Treatment Controls,France,,,
ALIMO.PA,Groupimo S.A.,PAR,Real Estate Development,France,,,
ALICR.PA,I.CERAM SA,PAR,Medical Instruments & Supplies,France,,,
ALHIT.PA,HiTechPros SA,PAR,Information Technology Services,France,,,
ALHEO.PA,H2O Innovation Inc.,PAR,Pollution & Treatment Controls,France,,,
ALGLD.PA,Gold By Gold SA,PAR,Industrial Metals & Minerals,France,,,
ALFRE.PA,Freelance.com SA,PAR,Staffing & Outsourcing Services,France,,,
ALFPC.PA,Fountaine Pajot SA,PAR,Recreational Goods, Other,France,,,
ALEUP.PA,Europlasma SA,PAR,Waste Management,France,,,
ALENT.PA,Entreparticuliers.com,PAR,Internet Information Providers,France,,,
ALDEI.PA,Deinove SA,PAR,Specialty Chemicals,France,,,
ALCJ.PA,Crossject Société Anonyme,PAR,Medical Instruments & Supplies,France,,,
ALCAR.PA,Carmat SA,PAR,Medical Instruments & Supplies,France,,,
ALAUP.PA,Auplata S.A.,PAR,Gold,France,,,
ALANT.PA,Antevenio, S.A.,PAR,Advertising Agencies,France,,,
ALHPC.PA,Heurtey Petrochem S.A.,PAR,Industrial Equipment Wholesale,France,,,
ALMER.PA,Sapmer SA,PAR,Food - Major Diversified,France,,,
ALSGD.PA,SpineGuard Société Anonyme,PAR,Medical Appliances & Equipment,France,,,
ALECR.PA,Eurofins Cerep SA,PAR,Drug Manufacturers - Major,France,,,
ALINT.PA,IntegraGen SA,PAR,Biotechnology,France,,,
ALMGI.PA,MG International,PAR,Security & Protection Services,France,,,
ALMED.PA,Medicrea,PAR,Medical Instruments & Supplies,France,,,
ALI2S.PA,i2S SA,PAR,Diversified Electronics,France,,,
ALREA.PA,Réalités,PAR,Property Management,France,,,
ALPHY.PA,Alès Groupe S.A.,PAR,Personal Products,France,,,
ALBFR.PA,Sidetrade SA,PAR,Technical & System Software,France,,,
ALMNG.PA,madvertise,PAR,Advertising Agencies,France,,,
ALINS.PA,Intrasense SAS,PAR,Healthcare Information Services,France,,,
ALMDT.PA,Median Technologies SA,PAR,Medical Laboratories & Research,France,,,
ALMOU.PA,Moulinvest SA,PAR,Lumber, Wood Production,France,,,
AOMD.F,Alstom SA,FRA,Diversified Machinery,France,,,
ALBIO.PA,Biosynex SA,PAR,Medical Laboratories & Research,France,,,
ALAQU.PA,Aquila SA,PAR,Security & Protection Services,France,,,
PHM7.F,Altria Group, Inc.,FRA,Tobacco Products, Other,France,,,
ALOBR.PA,Ober SA,PAR,General Building Materials,France,,,
ALTVO.PA,Evolis SA,PAR,Diversified Machinery,France,,,
DUL.F,Alnylam Pharmaceuticals, Inc.,FRA,Biotechnology,France,,,
ALDR.PA,Delta Drone SA,PAR,Aerospace/Defense - Major Diversified,France,,,
ALCOG.PA,Cogra 48 Société Anonyme,PAR,Lumber, Wood Production,France,,,
ALSER.PA,Groupe Serma Technologies SA,PAR,Business Services,France,,,
ALWED.PA,Wedia SA,PAR,Business Software & Services,France,,,
ALMIL.PA,1000mercis,PAR,Marketing Services,France,,,
ALHYG.PA,Hybrigenics Société Anonyme,PAR,Biotechnology,France,,,
ALSPW.PA,Spineway Société Anonyme,PAR,Medical Appliances & Equipment,France,,,
ALDLS.PA,DLSI,PAR,Staffing & Outsourcing Services,France,,,
ALGBE.PA,Global Bioenergies,PAR,Diversified Utilities,France,,,
ALMAS.PA,Mastrad Société Anonyme,PAR,Personal Products,France,,,
ALMET.PA,Méthanor SCA,PAR,Diversified Utilities,France,,,
ALVIV.PA,Visiativ SA,PAR,Technical & System Software,France,,,
ALDOL.PA,Dolphin Integration,PAR,Semiconductor - Broad Line,France,,,
ALANV.PA,Anevia Société Anonyme,PAR,Business Software & Services,France,,,
ALSTW.PA,Streamwide S.A.,PAR,Business Software & Services,France,,,
ALMIC.PA,Microwave Vision S.A.,PAR,Diversified Electronics,France,,,
ALA2M.PA,A2micile Europe,PAR,Personal Services,France,,,
ALSOL.PA,Custom Solutions SA,PAR,Marketing Services,France,,,
ALTA.PA,Altarea SCA,PAR,REIT - Residential,France,,,
ALVER.PA,Vergnet SA,PAR,Diversified Utilities,France,,,
ANO.F,Alno AG,FRA,Home Furnishings & Fixtures,France,,,
ALNOV.PA,Novacyt Société Anonyme,PAR,Biotechnology,France,,,
ALTRI.PA,Trilogiq S.A.,PAR,Conglomerates,France,,,
ALDIE.PA,Dietswell S.A.,PAR,Oil & Gas Equipment & Services,France,,,
ALM.PA,Alpha MOS S.A.,PAR,Scientific & Technical Instruments,France,,,
ALDV.PA,Alliance Developpement Capital SIIC,PAR,Property Management,France,,,
ALPRI.PA,Prismaflex International SA,PAR,Marketing Services,France,,,
ALEUA.PA,Eurasia Groupe S.A.,PAR,Real Estate Development,France,,,
ALPRO.PA,Prodware,PAR,Business Software & Services,France,,,
PA2.F,Pan American Silver Corp.,FRA,Silver,France,,,
BMT.F,British American Tobacco p.l.c.,FRA,Tobacco Products, Other,France,,,
AM.PA,Dassault Aviation S.A.,PAR,Aerospace/Defense - Major Diversified,France,,,
NCB.DE,Bank of America Corporation,FRA,Money Center Banks,France,,,
AM3D.F,SLM Solutions Group AG,FRA,Diversified Machinery,France,,,
MLARD.PA,Ardoin ST Amand A,PAR,Auto Dealerships,France,,,
NCB.F,Bank of America Corporation,FRA,Money Center Banks,France,,,
AMD.F,Advanced Micro Devices, Inc.,FRA,Semiconductor - Broad Line,France,,,
PSAT.PA,Passat Société Anonyme,PAR,Advertising Agencies,France,,,
PROL.PA,Prologue S.A.,PAR,Technical & System Software,France,,,
PERR.PA,Gérard Perrier Industrie S.A.,PAR,Diversified Electronics,France,,,
MLIMP.PA,Imprimerie Chirat Société Anonyme,PAR,Publishing - Newspapers,France,,,
MLHOP.PA,Participation Industrielle Miniere Société Anonyme,PAR,Conglomerates,France,,,
MLGRC.PA,Groupe Carnivor Société Anonyme,PAR,Savings & Loans,France,,,
GUI.PA,Guillemot Corporation S.A.,PAR,Computer Based Systems,France,,,
FIPP.PA,FIPP S.A.,PAR,Conglomerates,France,,,
ETL.PA,Eutelsat Communications S.A.,PAR,Communication Equipment,France,,,
EDI.PA,Media 6 SA,PAR,Advertising Agencies,France,,,
CO.PA,Casino, Guichard-Perrachon Société Anonyme,PAR,Grocery Stores,France,,,
BLUE.PA,Blue Solutions Société Anonyme,PAR,Diversified Electronics,France,,,
BLEE.PA,Bleecker Société Anonyme,PAR,REIT - Diversified,France,,,
ANF.PA,ANF Immobilier,PAR,REIT - Diversified,France,,,
MND.PA,MND Group Société Anonyme,PAR,Recreational Goods, Other,France,,,
MLCEC.PA,Cecurity.com Société Anonyme,PAR,Security & Protection Services,France,,,
MLPSH.PA,T.P.S.H. Société Anonyme,PAR,Diversified Machinery,France,,,
MLOLM.PA,Olmix Société Anonyme,PAR,Agricultural Chemicals,France,,,
MLSIC.PA,Financiere Sicomax Société Anonyme,PAR,Property Management,France,,,
MLETA.PA,Metalliance Société Anonyme,PAR,Diversified Machinery,France,,,
INFE.PA,Compagnie Industrielle et Financière d'Entreprises SA,PAR,General Contractors,France,,,
AUGR.PA,Augros Cosmetic Packaging Société anonyme,PAR,Packaging & Containers,France,,,
RAL.PA,Rallye SA,PAR,Grocery Stores,France,,,
MLFXO.PA,Finaxo Environnement Societe Anonyme,PAR,Waste Management,France,,,
FALG.PA,Fermentalg Société Anonyme,PAR,Biotechnology,France,,,
LLY.PA,Eli Lilly and Company,PAR,Drug Manufacturers - Major,France,,,
SLB.PA,Schlumberger Limited,PAR,Oil & Gas Equipment & Services,France,,,
STNT.PA,STENTYS S.A.,PAR,Medical Appliances & Equipment,France,,,
MLFRC.PA,France-Chauffage Société Anonyme,PAR,Industrial Equipment Wholesale,France,,,
NRX.PA,Naturex S.A.,PAR,Farm Products,France,,,
SCL.F,Schlumberger Limited,FRA,Oil & Gas Equipment & Services,France,,,
MLCFD.PA,Compagnie de Chemins de Fer Départementaux Société Anonyme,PAR,Railroads,France,,,
SFCA.PA,Société Française de Casinos Société Anonyme,PAR,Resorts & Casinos,France,,,
SII.PA,SII (Société pour l'Informatique Industrielle) Société Anonyme,PAR,Information Technology Services,France,,,
AOF.F,ATOSS Software AG,FRA,Technical & System Software,France,,,
APR.PA,April Société Anonyme,PAR,Insurance Brokers,France,,,
AP2.F,Applied Materials, Inc.,FRA,Semiconductor Equipment & Materials,France,,,
MLGAI.PA,Grande Armee Investissement SA,PAR,Business Services,France,,,
ARO.F,Arcandor AG,FRA,Department Stores,France,,,
ARG.PA,Argan SA,PAR,REIT - Diversified,France,,,
MLART.PA,Artsnet,PAR,Information Technology Services,France,,,
U9R.F,Under Armour, Inc.,FRA,Textile - Apparel Clothing,France,,,
JXR.PA,Archos S.A.,PAR,Electronic Equipment,France,,,
MLAMY.PA,Arthur Maury SA,PAR,Jewelry Stores,France,,,
ARTO.PA,La Société Industrielle et Financière de l'Artois,PAR,Conglomerates,France,,,
PRC.PA,Artprice.com,PAR,Publishing - Newspapers,France,,,
A6T.F,artec technologies AG,FRA,Electronic Equipment,France,,,
AR4.F,AURELIUS Equity Opportunities SE & Co. KGaA,FRA,Asset Management,France,,,
ADM.F,Archer-Daniels-Midland Company,FRA,Farm Products,France,,,
MLNMA.PA,Nicolas Miguet et Associes SA,PAR,Business Services,France,,,
ASY.PA,Assystem SA,PAR,General Contractors,France,,,
ASK.PA,ASK S.A.,PAR,Semiconductor- Memory Chips,France,,,
MLVOP.PA,Vopium A/S,PAR,Wireless Communications,France,,,
CNP.PA,CNP Assurances SA,PAR,Life Insurance,France,,,
ASP.PA,AST Groupe,PAR,Residential Construction,France,,,
DIC.F,DIC Asset AG,FRA,Real Estate Development,France,,,
SLL.F,Schoeller-Bleckmann Oilfield Equipment Aktiengesellschaft,FRA,Oil & Gas Equipment & Services,France,,,
FATL.PA,Fonciere Atland,PAR,REIT - Diversified,France,,,
ATEME.PA,ATEME SA,PAR,Communication Equipment,France,,,
AUS.F,AT & S Austria Technologie & Systemtechnik Aktiengesellschaft,FRA,Printed Circuit Boards,France,,,
SAC.F,Sanochemia Pharmazeutika AG,FRA,Drug Manufacturers - Major,France,,,
O2C.F,Petro Welt Technologies AG,FRA,Oil & Gas Equipment & Services,France,,,
FAA.F,Fabasoft AG,FRA,Technical & System Software,France,,,
SOBA.F,AT&T Inc.,FRA,Wireless Communications,France,,,
BFC.F,KTM Industries AG,FRA,Information Technology Services,France,,,
AURE.PA,Aurea SA,PAR,Waste Management,France,,,
AUB.PA,Aubay Société Anonyme,PAR,Information Technology Services,France,,,
P4Q.F,Perseus Mining Limited,FRA,Gold,France,,,
AURS.PA,AURES Technologies S.A.,PAR,Business Equipment,France,,,
AVT.PA,Avenir Telecom S.A.,PAR,Communication Equipment,France,,,
AWOX.PA,AwoX S.A.,PAR,Electronic Equipment,France,,,
AXW.PA,Axway Software SA,PAR,Technical & System Software,France,,,
SPR.F,Axel Springer SE,FRA,Publishing - Newspapers,France,,,
AXA.F,AXA SA,FRA,Property & Casualty Insurance,France,,,
MLAZL.PA,AZ Leasing,PAR,Rental & Leasing Services,France,,,
LLD.F,Lloyds Banking Group plc,FRA,Money Center Banks,France,,,
DTD2.F,B+S Banksysteme Aktiengesellschaft,FRA,Business Software & Services,France,,,
COM.F,comdirect bank Aktiengesellschaft,FRA,Money Center Banks,France,,,
BLC.PA,Bastide le Confort Medical SA,PAR,Medical Equipment Wholesale,France,,,
BCRA.PA,Baccarat S.A.,PAR,Personal Products,France,,,
BCY.F,Barclays PLC,FRA,Money Center Banks,France,,,
MBK.F,Merkur Bank KGaA,FRA,Money Center Banks,France,,,
VG8.F,Varengold Bank AG,FRA,Money Center Banks,France,,,
BWB.F,Baader Bank Aktiengesellschaft,FRA,Investment Brokerage - National,France,,,
BYW.F,BayWa Aktiengesellschaft,FRA,Business Services,France,,,
BOY.F,Banco Bilbao Vizcaya Argentaria, S.A.,FRA,Money Center Banks,France,,,
BBVA.F,Banco Bilbao Vizcaya Argentaria, S.A.,FRA,Money Center Banks,France,,,
BCO.DE,The Boeing Company,FRA,Aerospace/Defense - Major Diversified,France,,,
BCO.F,The Boeing Company,FRA,Aerospace/Defense - Major Diversified,France,,,
BCLN.F,Barry Callebaut AG,FRA,Confectioners,France,,,
BCAM.PA,Societe Anonyme des Brasseries du Cameroun,PAR,Beverages - Brewers,France,,,
BC8.F,Bechtle AG,FRA,Information Technology Services,France,,,
BDT.F,Bertrandt Aktiengesellschaft,FRA,Auto Parts,France,,,
MLGES.PA,Green Energy 4 Seasons,PAR,Diversified Utilities,France,,,
BEN.PA,Bénéteau S.A.,PAR,Recreational Goods, Other,France,,,
MOS.F,Orange Belgium S.A.,FRA,Wireless Communications,France,,,
MLMFI.PA,Condor International,PAR,Medical Instruments & Supplies,France,,,
BEI.F,Beiersdorf Aktiengesellschaft,FRA,Personal Products,France,,,
ECK.F,LUDWIG BECK am Rathauseck - Textilhaus Feldmeier AG,FRA,Department Stores,France,,,
NBG6.F,NÜRNBERGER Beteiligungs-Aktiengesellschaft,FRA,Accident & Health Insurance,France,,,
MLV4S.PA,Les Vérandas 4 Saisons,PAR,Business Services,France,,,
BERR.PA,Financiere et Immobiliere de l'Etang de Berre et de la Mediterranee S.A.,PAR,Property Management,France,,,
MA1.F,MAX 21 AG,FRA,Asset Management,France,,,
MTU.PA,Manitou BF SA,PAR,Diversified Machinery,France,,,
BIL.F,BHP Billiton plc,FRA,Industrial Metals & Minerals,France,,,
BIM.PA,bioMérieux S.A.,PAR,Medical Laboratories & Research,France,,,
BIG.PA,BigBen Interactive,PAR,Electronic Equipment,France,,,
ELN.F,Elanix Biotechnologies AG,FRA,Specialty Retail, Other,France,,,
ETG.F,EnviTec Biogas AG,FRA,Diversified Utilities,France,,,
SSN.F,Schmolz + Bickenbach AG,FRA,Steel & Iron,France,,,
GBF.F,Bilfinger SE,FRA,General Contractors,France,,,
BIJ.F,Bijou Brigitte modische Accessoires Aktiengesellschaft,FRA,Jewelry Stores,France,,,
IDP.F,Biogen Inc.,FRA,Biotechnology,France,,,
SBS.F,STRATEC Biomedical AG,FRA,Medical Appliances & Equipment,France,,,
VBK.F,VERBIO Vereinigte BioEnergie AG,FRA,Diversified Utilities,France,,,
B8F.F,Biofrontera AG,FRA,Biotechnology,France,,,
BIO.F,Biotest Aktiengesellschaft,FRA,Biotechnology,France,,,
BKN.F,The Bank of Nova Scotia,FRA,Money Center Banks,France,,,
CWW.F,Commonwealth Bank of Australia,FRA,Money Center Banks,France,,,
B7E.F,Blue Cap AG,FRA,Asset Management,France,,,
BLON.F,Bâloise Holding AG,FRA,Property & Casualty Insurance,France,,,
S9A.F,SeaDrill Limited,FRA,Oil & Gas Drilling & Exploration,France,,,
CBA.F,Brilliance China Automotive Holdings Limited,FRA,Auto Manufacturers - Major,France,,,
BNP.F,BNP Paribas SA,FRA,Money Center Banks,France,,,
BNP.DE,BNP Paribas SA,FRA,Money Center Banks,France,,,
BND.PA,Business & Decision SA,PAR,Business Services,France,,,
BNS.PA,Beni Stabili SIIQ S.p.A.,PAR,REIT - Diversified,France,,,
BNR.F,Brenntag AG,FRA,Specialty Chemicals,France,,,
BNT1.F,EYEMAXX Real Estate AG,FRA,Real Estate Development,France,,,
GBB.PA,Bourbon Corporation SA,PAR,Oil & Gas Equipment & Services,France,,,
BOI.PA,Boiron SA,PAR,Drug Manufacturers - Major,France,,,
CARP.PA,Carpinienne de Participations,PAR,Property Management,France,,,
BON.PA,Bonduelle SA,PAR,Food - Major Diversified,France,,,
BYG.F,Bouygues SA,FRA,General Contractors,France,,,
BYG.DE,Bouygues SA,FRA,General Contractors,France,,,
BVB.F,Borussia Dortmund GmbH & Co. Kommanditgesellschaft auf Aktien,FRA,Recreational Goods, Other,France,,,
DB1.F,Deutsche Börse Aktiengesellschaft,FRA,Asset Management,France,,,
BOSS.F,Hugo Boss AG,FRA,Textile - Apparel Clothing,France,,,
BWJ.F,Boliden AB (publ.),FRA,Industrial Metals & Minerals,France,,,
BPE5.F,BP p.l.c.,FRA,Major Integrated Oil & Gas,France,,,
MRB.PA,Mr. Bricolage SA,PAR,Home Improvement Stores,France,,,
BSN.DE,Danone,FRA,Food - Major Diversified,France,,,
BSN.F,Danone,FRA,Food - Major Diversified,France,,,
BST.F,Bastei Lübbe AG,FRA,Publishing - Newspapers,France,,,
BSL.F,Basler Aktiengesellschaft,FRA,Electronic Equipment,France,,,
BSP.F,BAE Systems plc,FRA,Aerospace/Defense - Major Diversified,France,,,
BTQ.F,BT Group plc,FRA,Wireless Communications,France,,,
BUR.PA,Burelle SA,PAR,Auto Parts,France,,,
BUI.PA,Barbara Bui,PAR,Textile - Apparel Clothing,France,,,
BYW6.F,BayWa Aktiengesellschaft,FRA,Business Services,France,,,
POC.F,Potash Corporation of Saskatchewan Inc.,FRA,Agricultural Chemicals,France,,,
MLHMC.PA,Hotel Majestic Cannes,PAR,Lodging,France,,,
CBDG.PA,Compagnie du Cambodge,PAR,Conglomerates,France,,,
CAS.PA,Cast SA,PAR,Technical & System Software,France,,,
CAR.DE,Carrefour SA,FRA,Grocery Stores,France,,,
CAPLI.PA,Groupe Capelli,PAR,Property Management,France,,,
CAP.F,Capital Stage AG,FRA,Diversified Utilities,France,,,
CBK.F,Commerzbank AG,FRA,Money Center Banks,France,,,
CCN.PA,Caisse Régionale de Crédit Agricole Mutuel de Normandie-Seine,PAR,Money Center Banks,France,,,
CCC3.DE,The Coca-Cola Company,FRA,Beverages - Soft Drinks,France,,,
CCC3.F,The Coca-Cola Company,FRA,Beverages - Soft Drinks,France,,,
CDI.PA,Christian Dior SE,PAR,Jewelry Stores,France,,,
PV3.F,pSivida Corp.,FRA,Biotechnology,France,,,
CDM1.F,Coeur Mining, Inc.,FRA,Silver,France,,,
CGR.PA,CeGeREAL SA,PAR,REIT - Office,France,,,
CEN.PA,Groupe CRIT SA,PAR,Staffing & Outsourcing Services,France,,,
CWC.F,CEWE Stiftung & Co. KGaA,FRA,Personal Services,France,,,
CE2.F,CropEnergies AG,FRA,Major Integrated Oil & Gas,France,,,
MLROU.PA,Rousselet Centrifugation S.A.,PAR,Diversified Machinery,France,,,
CG3.F,Celgene Corporation,FRA,Biotechnology,France,,,
CEA.F,FRIWO AG,FRA,Communication Equipment,France,,,
CEV.F,CENTROTEC Sustainable AG,FRA,Rubber & Plastics,France,,,
CSH.F,CENIT Aktiengesellschaft,FRA,Business Software & Services,France,,,
CFC.F,UET United Electronic Technology AG,FRA,Conglomerates,France,,,
CFI.PA,CFI-Compagnie Foncière Internationale,PAR,REIT - Diversified,France,,,
TVRB.PA,Téléverbier SA,PAR,Resorts & Casinos,France,,,
MLTRC.PA,Laboratoire les 3 Chênes,PAR,Personal Products,France,,,
LTEC.F,Logitech International S.A.,FRA,Computer Based Systems,France,,,
LO3.F,Lonza Group Ltd,FRA,Medical Laboratories & Research,France,,,
CHSR.PA,Chausseria,PAR,Textile - Apparel Footwear & Accessories,France,,,
OBH.F,OC Oerlikon Corporation AG,FRA,Diversified Machinery,France,,,
DCH1.F,The Dow Chemical Company,FRA,Chemicals - Major Diversified,France,,,
MLFIR.PA,FirstCaution SA,PAR,Insurance Brokers,France,,,
CHAU.PA,Compagnie Parisienne de Chauffage Urbain,PAR,Water Utilities,France,,,
SUL1.F,Sulzer Ltd,FRA,Diversified Machinery,France,,,
HLG.F,Highlight Communications AG,FRA,Entertainment - Diversified,France,,,
LSPP.F,LINDT SPRUENGLI PS SF 10,FRA,Confectioners,France,,,
MT4.F,Matador Private Equity AG,FRA,Asset Management,France,,,
CSX.F,Credit Suisse Group AG,FRA,Money Center Banks,France,,,
O5H.F,OpenLimit Holding AG,FRA,Business Software & Services,France,,,
SVJ.F,Syngenta AG,FRA,Agricultural Chemicals,France,,,
GYC.F,Grand City Properties S.A.,FRA,Property Management,France,,,
MLMAT.PA,Simat,PAR,Air Delivery & Freight Services,France,,,
MLCIO.PA,Groupe CIOA,PAR,Conglomerates,France,,,
VIL.PA,VIEL & Cie,PAR,Investment Brokerage - National,France,,,
LTAN.PA,Le Tanneur & Cie,PAR,Textile - Apparel Footwear & Accessories,France,,,
CJ6.F,Cameco Corporation,FRA,Industrial Metals & Minerals,France,,,
CLRN.F,Clariant AG,FRA,Specialty Chemicals,France,,,
PC6.F,PetroChina Company Limited,FRA,Major Integrated Oil & Gas,France,,,
CHL.F,China Life Insurance Company Limited,FRA,Life Insurance,France,,,
CPA.F,Colgate-Palmolive Company,FRA,Personal Products,France,,,
O5G.F,CPI Property Group S.A.,FRA,Property Management,France,,,
SZ1.F,SUEZ SA,FRA,Water Utilities,France,,,
MLFCI.PA,Financière Croissance Investissement SA,PAR,Recreational Goods, Other,France,,,
CRI.PA,Chargeurs S.A.,PAR,Textile Industrial,France,,,
MLCTA.PA,CTA Holdings,PAR,Diversified Machinery,France,,,
CTM.F,China Mobile Limited,FRA,Wireless Communications,France,,,
CTAA.F,Capita plc,FRA,Business Services,France,,,
EVD.F,CTS Eventim AG & Co. KGaA,FRA,Entertainment - Diversified,France,,,
CTRG.PA,Catering International & Services Société Anonyme,PAR,Business Services,France,,,
CUR.F,Curasan AG,FRA,Biotechnology,France,,,
CVC1.F,Carnival Corporation,FRA,Recreational Goods, Other,France,,,
T5O.F,CytoTools AG,FRA,Asset Management,France,,,
DAI.F,Daimler AG,FRA,Auto Manufacturers - Major,France,,,
IMDA.PA,Immobiliere Dassault SA,PAR,REIT - Diversified,France,,,
DAR.F,DATRON AG,FRA,Business Equipment,France,,,
DAM.F,DATA MODUL Aktiengesellschaft, Produktion und Vertrieb von elektronischen Systemen,FRA,Diversified Electronics,France,,,
DLT.PA,Dalet S.A.,PAR,Technical & System Software,France,,,
D6H.F,DATAGROUP SE,FRA,Information Technology Services,France,,,
DAP.F,Danaher Corporation,FRA,Diversified Machinery,France,,,
4DS.F,Daldrup & Söhne Aktiengesellschaft,FRA,Oil & Gas Drilling & Exploration,France,,,
DBT.PA,Encres Dubuit,PAR,Specialty Chemicals,France,,,
DBG.PA,Derichebourg,PAR,Waste Management,France,,,
DBAN.F,Deutsche Beteiligungs AG,FRA,Asset Management,France,,,
DBK.F,Deutsche Bank Aktiengesellschaft,FRA,Money Center Banks,France,,,
DCO.F,Deere & Company,FRA,Farm & Construction Machinery,France,,,
DTE.F,Deutsche Telekom AG,FRA,Wireless Communications,France,,,
DPW.F,Deutsche Post AG,FRA,Air Delivery & Freight Services,France,,,
DEZ.F,DEUTZ Aktiengesellschaft,FRA,Diversified Machinery,France,,,
COM.PA,Constructions Industrielles de la Méditerranée,PAR,Waste Management,France,,,
93M.F,MPH Health Care AG,FRA,Drugs - Generic,France,,,
GFK.F,GfK SE,FRA,Business Services,France,,,
DRW8.F,Dragerwerk AG & Co. KGaA,FRA,Medical Appliances & Equipment,France,,,
MLMGL.PA,Magillem Design Services SA,PAR,Electronics Wholesale,France,,,
WUW.F,Wüstenrot & Württembergische AG,FRA,Money Center Banks,France,,,
ESY.F,EASY SOFTWARE AG,FRA,Business Services,France,,,
PGN.F,Paragon AG,FRA,Auto Parts,France,,,
MLMED.PA,Meubles Delias SA,PAR,Home Furnishings & Fixtures,France,,,
MDG1.F,MediGene AG,FRA,Biotechnology,France,,,
S4A.F,SMT Scharf AG,FRA,Railroads,France,,,
MEO3.F,METRO AG,FRA,Specialty Retail, Other,France,,,
RHK.F,Rhön-Klinikum Aktiengesellschaft,FRA,Hospitals,France,,,
NTG.F,Nabaltec AG,FRA,Chemicals - Major Diversified,France,,,
DLTA.PA,Delta Plus Group,PAR,Textile - Apparel Clothing,France,,,
EKT.F,Energiekontor AG,FRA,Electric Utilities,France,,,
MBB.F,MBB SE,FRA,Asset Management,France,,,
EDL.F,Edel AG,FRA,Recreational Goods, Other,France,,,
MAK.F,Maternus-Kliniken Aktiengesellschaft,FRA,Hospitals,France,,,
FRS.F,FORIS AG,FRA,Business Services,France,,,
TGT.F,11 88 0 Solutions AG,FRA,Wireless Communications,France,,,
MUX.F,mutares AG,FRA,Asset Management,France,,,
MRK.F,Merck Kommanditgesellschaft auf Aktien,FRA,Drugs - Generic,France,,,
EV4.F,Constantin Medien AG,FRA,Broadcasting - TV,France,,,
MLEDR.PA,Compagnie Des Eaux De Royan,PAR,Water Utilities,France,,,
SIS.F,First Sensor AG,FRA,Semiconductor Equipment & Materials,France,,,
UTDI.F,United Internet AG,FRA,Wireless Communications,France,,,
FPE.F,Fuchs Petrolub SE,FRA,Chemicals - Major Diversified,France,,,
DGE.PA,Diageo plc,PAR,Beverages - Wineries & Distillers,France,,,
DGR.F,Deutsche Grundstücksauktionen AG,FRA,Property Management,France,,,
DLG.F,Dialog Semiconductor Plc,FRA,Semiconductor - Broad Line,France,,,
MLDIG.PA,Digitech,PAR,Technical & System Software,France,,,
DIE.F,Dierig Holding AG,FRA,Textile Industrial,France,,,
DIG.PA,Digigram S.A.,PAR,Diversified Electronics,France,,,
DIS.F,Diskus Werke AG,FRA,Diversified Machinery,France,,,
LDB.F,H. Lundbeck A/S,FRA,Drugs - Generic,France,,,
GIL.F,DMG Mori Aktiengesellschaft,FRA,Machine Tools & Accessories,France,,,
DNQA.F,Statoil ASA,FRA,Major Integrated Oil & Gas,France,,,
NK1A.F,DNO ASA,FRA,Independent Oil & Gas,France,,,
DNX.PA,DNXCorp SE,PAR,Specialty Retail, Other,France,,,
DPAM.PA,Docks des PÃ©troles d'AmbÃ¨s SA,PAR,Oil & Gas Refining & Marketing,France,,,
DPWA.F,Deutsche Post AG,FRA,Air Delivery & Freight Services,France,,,
DRI.F,Drillisch Aktiengesellschaft,FRA,Wireless Communications,France,,,
DRW3.F,Dragerwerk AG & Co. KGaA,FRA,Medical Appliances & Equipment,France,,,
RHO5.F,Roche Holding AG,FRA,Biotechnology,France,,,
DR0.F,Deutsche Rohstoff AG,FRA,Industrial Metals & Minerals,France,,,
EFF.F,Deutsche Effecten- und Wechsel-Beteiligungsgesellschaft AG,FRA,Asset Management,France,,,
O2D.F,Telefónica Deutschland Holding AG,FRA,Wireless Communications,France,,,
DUE.F,Dürr Aktiengesellschaft,FRA,Diversified Machinery,France,,,
PVL.PA,Plastiques du Val de Loire,PAR,Rubber & Plastics,France,,,
R6C.F,Royal Dutch Shell plc,FRA,Major Integrated Oil & Gas,France,,,
FCMC.PA,Société Fermière du Casino Municipal de Cannes,PAR,Lodging,France,,,
PDA.F,PRO DV AG,FRA,Business Services,France,,,
DWD.F,Morgan Stanley,FRA,Investment Brokerage - National,France,,,
MLDYN.PA,Dynafond SA,PAR,Auto Parts,France,,,
ND3.F,Northern Dynasty Minerals Ltd.,FRA,Industrial Metals & Minerals,France,,,
MLDYX.PA,Dynex Energy S.A.,PAR,Independent Oil & Gas,France,,,
MLEAS.PA,Easson Telecom Limited,PAR,Wireless Communications,France,,,
EBA.F,eBay Inc.,FRA,Specialty Retail, Other,France,,,
ECASA.PA,ECA SA,PAR,Diversified Machinery,France,,,
ECX.F,Epigenomics AG,FRA,Biotechnology,France,,,
E4C.F,ecotel communication ag,FRA,Wireless Communications,France,,,
EC.PA,Total Gabon,PAR,Independent Oil & Gas,France,,,
ED4.F,EDAG Engineering Group AG,FRA,Industrial Metals & Minerals,France,,,
E2F.F,Electricité de France S.A.,FRA,Diversified Utilities,France,,,
GID.PA,Egide S.A.,PAR,Electronic Equipment,France,,,
H5E.F,HELMA Eigenheimbau Aktiengesellschaft,FRA,Residential Construction,France,,,
EIFF.PA,Société de la Tour Eiffel,PAR,REIT - Office,France,,,
ELEC.PA,Électricite de Strasbourg Société Anonyme,PAR,Electric Utilities,France,,,
ELE.PA,Euler Hermes Group SA,PAR,Property & Casualty Insurance,France,,,
GNE.PA,General Electric Company,PAR,Diversified Machinery,France,,,
LPK.F,LPKF Laser & Electronics Aktiengesellschaft,FRA,Diversified Machinery,France,,,
GEC.DE,General Electric Company,FRA,Diversified Machinery,France,,,
SCE.F,Schweizer Electronic AG,FRA,Electronic Equipment,France,,,
GEC.F,General Electric Company,FRA,Diversified Machinery,France,,,
SND.F,Schneider Electric S.E.,FRA,Diversified Machinery,France,,,
TONN.PA,Tonna Electronique SA,PAR,Communication Equipment,France,,,
E2F.DE,Electricité de France S.A.,FRA,Diversified Utilities,France,,,
E8X.F,elexxion AG,FRA,Medical Appliances & Equipment,France,,,
LLY.F,Eli Lilly and Company,FRA,Drug Manufacturers - Major,France,,,
ELB.F,elumeo SE,FRA,Diversified Utilities,France,,,
ELG.F,ELMOS Semiconductor AG,FRA,Semiconductor Equipment & Materials,France,,,
SND.DE,Schneider Electric S.E.,FRA,Diversified Machinery,France,,,
EMG.PA,Euromedis Groupe,PAR,Medical Appliances & Equipment,France,,,
EMQ.F,emQtec AG,FRA,Rubber & Plastics,France,,,
SZ1.DE,SUEZ SA,FRA,Water Utilities,France,,,
SCHP.PA,Séché Environnement SA,PAR,Waste Management,France,,,
MLEES.PA,Energie Europe Service,PAR,Electric Utilities,France,,,
MCPHY.PA,McPhy Energy SA,PAR,Diversified Machinery,France,,,
ENX.PA,Euronext N.V.,PAR,Asset Management,France,,,
FOH.F,Fred. Olsen Energy ASA,FRA,Oil & Gas Drilling & Exploration,France,,,
MVV1.F,MVV Energie AG,FRA,Diversified Utilities,France,,,
EOSI.PA,EOS imaging SA,PAR,Medical Appliances & Equipment,France,,,
MLEMG.PA,Eon Motors Group SA,PAR,Auto Manufacturers - Major,France,,,
EOAN.F,E.ON SE,FRA,Diversified Utilities,France,,,
EXPL.PA,EPC Groupe,PAR,Chemicals - Major Diversified,France,,,
ERA.PA,ERAMET S.A.,PAR,Industrial Metals & Minerals,France,,,
ERCB.F,Telefonaktiebolaget LM Ericsson (publ),FRA,Communication Equipment,France,,,
ERO1.F,tmc Content Group AG,FRA,Entertainment - Diversified,France,,,
ERCG.F,Telefonaktiebolaget LM Ericsson (publ),FRA,Communication Equipment,France,,,
ERMK.F,DEAG Deutsche Entertainment Aktiengesellschaft,FRA,Entertainment - Diversified,France,,,
ESI.PA,ESI Group SA,PAR,Technical & System Software,France,,,
GTQ1.F,Siemens Gamesa Renewable Energy, S.A.,FRA,Diversified Machinery,France,,,
IBE1.F,Iberdrola, S.A.,FRA,Diversified Utilities,France,,,
GAN.F,Gas Natural SDG, S.A.,FRA,Gas Utilities,France,,,
TNE5.F,Telefónica, S.A.,FRA,Wireless Communications,France,,,
MLHIN.PA,Société Hôtelière et Immobilière de Nice S.A.,PAR,Lodging,France,,,
PAT.PA,Patrimoine et Commerce SA,PAR,Textile - Apparel Clothing,France,,,
MLCAC.PA,Lombard et Medot SA,PAR,Beverages - Brewers,France,,,
MLERO.PA,Euroland Corporate,PAR,Investment Brokerage - National,France,,,
EURS.PA,Foncière Euris SA,PAR,Property Management,France,,,
GET.PA,Groupe Eurotunnel SE,PAR,Heavy Construction,France,,,
RO5K.F,Ropal Europe AG,FRA,Chemicals - Major Diversified,France,,,
EUCA.F,euromicron AG,FRA,Information Technology Services,France,,,
DEQ.F,Deutsche Euroshop AG,FRA,REIT - Retail,France,,,
EUR.PA,Euro Ressources S.A.,PAR,Gold,France,,,
MLEVE.PA,Everset,PAR,Apparel Stores,France,,,
GLO.PA,GL Events,PAR,Business Services,France,,,
EVK.F,Evonik Industries AG,FRA,Specialty Chemicals,France,,,
METEX.PA,Metabolic Explorer S.A.,PAR,Chemicals - Major Diversified,France,,,
EXE.PA,Exel Industries Société Anonyme,PAR,Farm & Construction Machinery,France,,,
EXAC.PA,Exacompta Clairefontaine SA,PAR,Paper & Paper Products,France,,,
EX9.F,Exelixis, Inc.,FRA,Biotechnology,France,,,
MLHYE.PA,Hydro Exploitations SA,PAR,Electronics Wholesale,France,,,
NWT.F,Wells Fargo & Company,FRA,Money Center Banks,France,,,
FAM1.F,Deutsche Cannabis AG,FRA,Conglomerates,France,,,
FVI.F,Fair Value REIT-AG,FRA,REIT - Diversified,France,,,
FAUV.PA,Fauvet-Girel,PAR,Investment Brokerage - National,France,,,
MFC.PA,Maisons France Confort S.A.,PAR,Residential Construction,France,,,
MALT.PA,Malteries Franco-Belges Société Anonyme,PAR,Beverages - Brewers,France,,,
FED.PA,Giorgio Fedon & Figli Spa,PAR,Personal Products,France,,,
B7J.F,SRV Group Plc,FRA,General Contractors,France,,,
FIE.F,Fielmann AG,FRA,Specialty Retail, Other,France,,,
OUTA.F,Outokumpu Oyj,FRA,Steel & Iron,France,,,
ORIA.PA,Fiducial Real Estate,PAR,Real Estate Development,France,,,
ENUR.F,Stora Enso Oyj,FRA,Paper & Paper Products,France,,,
FLO.PA,Groupe Flo SA,PAR,Restaurants,France,,,
FMU.PA,Fonciere Des Murs,PAR,REIT - Hotel/Motel,France,,,
FMEA.F,Fresenius Medical Care AG & Co. KGAA,FRA,Hospitals,France,,,
FNTN.F,freenet AG,FRA,Wireless Communications,France,,,
LEBL.PA,Foncière 7 investissement Société Anonyme,PAR,Personal Products,France,,,
INEA.PA,Fonciere Inea S.A.,PAR,REIT - Office,France,,,
L1OA.F,Lloyd Fonds AG,FRA,Asset Management,France,,,
SPEL.PA,Foncière Volta,PAR,Property Management,France,,,
MLVIN.PA,Foncière Vindi SAS,PAR,Property Management,France,,,
FYB.F,Formycon AG,FRA,Biotechnology,France,,,
FPE3.F,Fuchs Petrolub SE,FRA,Chemicals - Major Diversified,France,,,
FPH.F,Francotyp-Postalia Holding AG,FRA,Business Services,France,,,
FPMB.F,Freeport-McMoRan Inc.,FRA,Copper,France,,,
THER.PA,Thermocompact SA,PAR,Diversified Machinery,France,,,
TFF.PA,TFF Group,PAR,Beverages - Brewers,France,,,
SOG.PA,Sogeclair SA,PAR,Business Software & Services,France,,,
SOFR.PA,Societe Francaise de Gestion et d'Investissement,PAR,Asset Management,France,,,
SO.PA,Somfy SA,PAR,Home Furnishings & Fixtures,France,,,
SFT.PA,Soft Computing,PAR,Internet Information Providers,France,,,
SFBS.PA,Sofibus Patrimoine S.A.,PAR,Real Estate Development,France,,,
SDG.PA,Synergie SE,PAR,Staffing & Outsourcing Services,France,,,
SCR.PA,SCOR SE,PAR,Property & Casualty Insurance,France,,,
SAMS.PA,Samse SA,PAR,Industrial Equipment Wholesale,France,,,
SABE.PA,Sabeton SA,PAR,Food - Major Diversified,France,,,
RIB.PA,Riber S.A.,PAR,Semiconductor Equipment & Materials,France,,,
RCF.PA,Teleperformance SE,PAR,Business Services,France,,,
PSB.PA,PSB Industries,PAR,Packaging & Containers,France,,,
MUN.PA,Micropole S.A.,PAR,Business Services,France,,,
MRM.PA,M.R.M. SA,PAR,REIT - Diversified,France,,,
MMB.PA,Lagardère SCA,PAR,Publishing - Newspapers,France,,,
MLVST.PA,Televista SA,PAR,Broadcasting - TV,France,,,
MLTRO.PA,TROC DE L'ILE SA,PAR,Specialty Retail, Other,France,,,
MLPOL.PA,Pol-Roger (Champagne),PAR,Beverages - Wineries & Distillers,France,,,
MLPFX.PA,Parfex SA,PAR,Specialty Chemicals,France,,,
MLLEA.PA,Leaderlease,PAR,Rental & Leasing Services,France,,,
MLIML.PA,ImAlliance SA,PAR,Entertainment - Diversified,France,,,
MLIDS.PA,IDS France SAS,PAR,Technical & System Software,France,,,
MLGEO.PA,GEOREX S.A.,PAR,Independent Oil & Gas,France,,,
LSS.PA,Lectra SA,PAR,Technical & System Software,France,,,
LR.PA,Legrand SA,PAR,Diversified Machinery,France,,,
LPE.PA,Groupe Laurent-Perrier,PAR,Beverages - Brewers,France,,,
LD.PA,Locindus SA,PAR,Mortgage Investment,France,,,
LAF.PA,Lafuma SA,PAR,Textile - Apparel Clothing,France,,,
ITS.PA,ITS Group,PAR,Information Technology Services,France,,,
ITP.PA,InterParfums SA,PAR,Personal Products,France,,,
INSD.PA,Inside Secure SA,PAR,Business Software & Services,France,,,
INN.PA,Innelec Multimédia SA,PAR,Computers Wholesale,France,,,
ING.PA,Ingenico Group - GCS,PAR,Business Services,France,,,
IDIP.PA,Groupe IDI,PAR,Asset Management,France,,,
HF.PA,HF Company Société Anonyme,PAR,Communication Equipment,France,,,
GOE.PA,Groupe Gorgé SA,PAR,Scientific & Technical Instruments,France,,,
GECP.PA,GECI International S.A.,PAR,Aerospace/Defense - Major Diversified,France,,,
GDMS.PA,Les Grands Moulins De Strasbourg,PAR,Farm Products,France,,,
GAM.PA,Gaumont SA,PAR,Entertainment - Diversified,France,,,
COUR.PA,Courtois SA,PAR,Property Management,France,,,
COH.PA,Coheris SA,PAR,Technical & System Software,France,,,
MLLOI.PA,Locasystem International SA,PAR,Information Technology Services,France,,,
MLCOU.PA,Courbet Sa,PAR,Asset Management,France,,,
SGE.DE,Societe Generale Group,FRA,Money Center Banks,France,,,
MLUSG.PA,Universal System Group,PAR,General Building Materials,France,,,
COFA.PA,Coface SA,PAR,Property & Casualty Insurance,France,,,
GENX.PA,Generix SA,PAR,Business Software & Services,France,,,
MLLED.PA,Novaday S.A.,PAR,Diversified Electronics,France,,,
INF.PA,Infotel SA,PAR,Information Technology Services,France,,,
CAR.F,Carrefour SA,FRA,Grocery Stores,France,,,
LAN.PA,Lanson-BCC,PAR,Beverages - Brewers,France,,,
MLSAT.PA,Infosat Telecom SA,PAR,Wireless Communications,France,,,
RNL.DE,Renault SA,FRA,Auto Manufacturers - Major,France,,,
SK.PA,SEB SA,PAR,Personal Products,France,,,
MLSRP.PA,Speed Rabbit Pizza,PAR,Food Wholesale,France,,,
MCH.F,Compagnie Générale des Etablissements Michelin,FRA,Rubber & Plastics,France,,,
MLARI.PA,Silkan RT SA,PAR,Computers Wholesale,France,,,
MLAUD.PA,Audience Labs,PAR,Marketing Services,France,,,
UNBL.PA,Unibel S.A.,PAR,Food - Major Diversified,France,,,
NRG.PA,NRJ Group SA,PAR,Broadcasting - Radio,France,,,
SPIE.PA,SPIE SAS,PAR,General Contractors,France,,,
MKEA.PA,Mauna Kea Technologies SA,PAR,Medical Appliances & Equipment,France,,,
TXCL.PA,TxCell S.A.,PAR,Biotechnology,France,,,
LNA.PA,Le Noble Age S.A.,PAR,Long-Term Care Facilities,France,,,
PHA.PA,Pharmagest Interactive SA,PAR,Technical & System Software,France,,,
MLPLC.PA,Placoplatre SA,PAR,General Building Materials,France,,,
VLTSA.PA,Voltalia SA,PAR,Electric Utilities,France,,,
GZF.F,ENGIE SA,FRA,Diversified Utilities,France,,,
RUI.PA,Rubis,PAR,Gas Utilities,France,,,
MEMS.PA,MEMSCAP, S.A.,PAR,Semiconductor Equipment & Materials,France,,,
GRVO.PA,Graines Voltz,PAR,Agricultural Chemicals,France,,,
MLMII.PA,Maison Internationale de l'Informatique S.A.S.,PAR,Information Technology Services,France,,,
MLPAC.PA,Pacte Novation,PAR,Technical & System Software,France,,,
KORI.PA,Korian,PAR,Hospitals,France,,,
TVLY.PA,Tivoly S.A.,PAR,Diversified Machinery,France,,,
MCH.DE,Compagnie Générale des Etablissements Michelin,FRA,Rubber & Plastics,France,,,
FTE.DE,Orange S.A.,FRA,Wireless Communications,France,,,
RBT.PA,Robertet SA,PAR,Chemicals - Major Diversified,France,,,
UBL.F,Unibail-Rodamco SE,FRA,REIT - Retail,France,,,
UBL.DE,Unibail-Rodamco SE,FRA,REIT - Retail,France,,,
MLSBT.PA,Scientific Brain Training SA,PAR,Healthcare Information Services,France,,,
MLNEO.PA,Néocom Multimédia SA,PAR,Internet Information Providers,France,,,
PCA.PA,PCAS SA,PAR,Chemicals - Major Diversified,France,,,
PREC.PA,Precia SA,PAR,Electronic Equipment,France,,,
RNL.F,Renault SA,FRA,Auto Manufacturers - Major,France,,,
MLTEK.PA,Technoflex S.A.,PAR,Rubber & Plastics,France,,,
POM.PA,Compagnie Plastic Omnium SA,PAR,Auto Parts,France,,,
IDL.PA,ID Logistics Group SA,PAR,Business Services,France,,,
LAT.PA,LatÃ©coÃ¨re S.A.,PAR,Aerospace/Defense - Major Diversified,France,,,
FTE.F,Orange S.A.,FRA,Wireless Communications,France,,,
PAR.PA,Paref SA,PAR,REIT - Diversified,France,,,
PGP.PA,The Procter & Gamble Company,PAR,Personal Products,France,,,
HBC1.F,HSBC Holdings plc,FRA,Money Center Banks,France,,,
GS7.F,GlaxoSmithKline plc,FRA,Drug Manufacturers - Major,France,,,
SSUN.F,Samsung Electronics Co., Ltd.,FRA,Electronic Equipment,France,,,
HYU.F,Hyundai Motor Company,FRA,Auto Manufacturers - Major,France,,,
GRM.F,General Mills, Inc.,FRA,Food - Major Diversified,France,,,
GXI.F,Gerresheimer AG,FRA,Medical Instruments & Supplies,France,,,
GSJ.F,German Startups Group Berlin GmbH & Co. KGaA,FRA,Asset Management,France,,,
G1A.F,GEA Group Aktiengesellschaft,FRA,Diversified Machinery,France,,,
GHH.F,Geox S.p.A.,FRA,Textile - Apparel Footwear & Accessories,France,,,
SGE.F,Societe Generale Group,FRA,Money Center Banks,France,,,
GSC1.F,Gesco AG,FRA,Diversified Machinery,France,,,
GFIN.F,Georg Fischer AG,FRA,Diversified Machinery,France,,,
GME.F,Geratherm Medical AG,FRA,Medical Appliances & Equipment,France,,,
GWI1.F,Gerry Weber International AG,FRA,Textile - Apparel Clothing,France,,,
GFT.F,GFT Technologies SE,FRA,Information Technology Services,France,,,
GIRO.PA,Signaux Girod S.A.,PAR,Diversified Machinery,France,,,
GIN.F,Givaudan SA,FRA,Specialty Chemicals,France,,,
GIS.F,Gilead Sciences, Inc.,FRA,Biotechnology,France,,,
GKS.F,GK Software AG,FRA,Technical & System Software,France,,,
GLJ.F,Grenke AG,FRA,Asset Management,France,,,
GLW.F,Corning Incorporated,FRA,Diversified Electronics,France,,,
GMM.F,Grammer Aktiengesellschaft,FRA,Auto Parts,France,,,
KIN2.F,Kinross Gold Corporation,FRA,Gold,France,,,
GO5.F,Goldcorp Inc.,FRA,Gold,France,,,
G6P.F,Going Public Media AG,FRA,Publishing - Newspapers,France,,,
GOS.F,The Goldman Sachs Group, Inc.,FRA,Investment Brokerage - National,France,,,
N4G.F,The Naga Group AG,FRA,Gaming Activities,France,,,
HAL.F,Halliburton Company,FRA,Oil & Gas Equipment & Services,France,,,
HAW.F,Hawesko Holding Aktiengesellschaft,FRA,Beverages - Wineries & Distillers,France,,,
MLUMH.PA,Union Metallurgique de la Haute-Seine S.A.,PAR,Machine Tools & Accessories,France,,,
H9Y.F,HanseYachts AG,FRA,Recreational Vehicles,France,,,
PND.F,Marine Harvest ASA,FRA,Farm Products,France,,,
HAB.F,Hamborner REIT AG,FRA,REIT - Diversified,France,,,
HCO.PA,High Co. SA,PAR,Advertising Agencies,France,,,
HCL.F,Hecla Mining Company,FRA,Silver,France,,,
HNK1.F,Heineken N.V.,FRA,Beverages - Brewers,France,,,
HEN.F,Henkel AG & Co. KGaA,FRA,Personal Products,France,,,
HEZ.F,Pelikan Aktiengesellschaft,FRA,Paper & Paper Products,France,,,
HMSB.F,H & M Hennes & Mauritz AB (publ),FRA,Textile - Apparel Clothing,France,,,
HG1.F,HOMAG Group AG,FRA,Diversified Machinery,France,,,
HHFA.F,Hamburger Hafen und Logistik Aktiengesellschaft,FRA,Shipping,France,,,
MLION.PA,Lionax International Investment Holdings Limited,PAR,Auto Parts,France,,,
LHL.F,Lenovo Group Limited,FRA,Computer Based Systems,France,,,
MLTMT.PA,China Treasure Mine Technology Holdings Co., Ltd.,PAR,Wireless Communications,France,,,
SLW.F,Swiss Life Holding AG,FRA,Property & Casualty Insurance,France,,,
TTI.F,Tom Tailor Holding AG,FRA,Apparel Stores,France,,,
PHBN.F,Sonova Holding AG,FRA,Medical Appliances & Equipment,France,,,
VTLN.F,Vontobel Holding AG,FRA,Asset Management,France,,,
HLBN.F,LafargeHolcim Ltd,FRA,General Building Materials,France,,,
MUB.F,Mühlbauer Holding AG & Co. Kommanditgesellschaft auf Aktien,FRA,Computer Based Systems,France,,,
HP3.F,Ringmetall AG,FRA,Asset Management,France,,,
HYQ.F,Hypoport AG,FRA,Internet Information Providers,France,,,
NOH1.F,Norsk Hydro ASA,FRA,Aluminum,France,,,
IAM.PA,Itissalat Al-Maghrib (IAM) S.A.,PAR,Wireless Communications,France,,,
IBM.F,International Business Machines Corporation,FRA,Information Technology Services,France,,,
IC8.F,InCity Immobilien AG,FRA,Property Management,France,,,
IES.F,Intesa Sanpaolo S.p.A.,FRA,Money Center Banks,France,,,
IS8.F,Ifa Systems Ag,FRA,Healthcare Information Services,France,,,
P1Z.F,Patrizia Immobilien AG,FRA,Real Estate Development,France,,,
TEG.F,TAG Immobilien AG,FRA,Real Estate Development,France,,,
SSI.PA,SuperSonic Imagine SA,PAR,Medical Laboratories & Research,France,,,
MLIPY.PA,Ipernity Org, S.A.S,PAR,Internet Information Providers,France,,,
I8R.F,iRobot Corporation,FRA,Electronic Equipment,France,,,
ISH2.F,INTERSHOP Communications Aktiengesellschaft,FRA,Technical & System Software,France,,,
IS7.F,InTiCa Systems AG,FRA,Diversified Electronics,France,,,
ISR.F,Isra Vision AG,FRA,Technical & System Software,France,,,
ENL.F,Enel SpA,FRA,Diversified Utilities,France,,,
TQIR.F,Telecom Italia S.p.A.,FRA,Wireless Communications,France,,,
MDS.F,Mediaset S.p.A.,FRA,Broadcasting - TV,France,,,
I7N.F,ItN Nanovation AG,FRA,Diversified Machinery,France,,,
ENI.F,Eni S.p.A.,FRA,Major Integrated Oil & Gas,France,,,
TQI.F,Telecom Italia S.p.A.,FRA,Wireless Communications,France,,,
ITN.F,Intertainment AG,FRA,Entertainment - Diversified,France,,,
ITL.PA,IT Link SA,PAR,Information Technology Services,France,,,
IVX.F,InVision Aktiengesellschaft,FRA,Business Software & Services,France,,,
IVU.F,IVU Traffic Technologies AG,FRA,Technical & System Software,France,,,
IXX.F,init innovation in traffic systems SE,FRA,Information Technology Services,France,,,
A8A.F,JDC Group AG,FRA,Asset Management,France,,,
JEN.F,Jenoptik AG,FRA,Diversified Electronics,France,,,
S7E.F,Shire plc,FRA,Biotechnology,France,,,
JFB.F,Joh. Friedrich Behrens AG,FRA,Machine Tools & Accessories,France,,,
JNJ.DE,Johnson & Johnson,FRA,Drug Manufacturers - Major,France,,,
SON1.F,Sony Corporation,FRA,Electronic Equipment,France,,,
NTO.F,Nintendo Co., Ltd.,FRA,Multimedia & Graphics Software,France,,,
JUN3.F,Jungheinrich Aktiengesellschaft,FRA,Diversified Machinery,France,,,
KA8.F,Klassik Radio AG,FRA,Broadcasting - TV,France,,,
KAZI.PA,Orchestra-PrÃ©maman S.A.,PAR,Textile - Apparel Clothing,France,,,
KCO.F,Klöckner & Co SE,FRA,Steel & Iron,France,,,
LI.PA,Klepierre SA,PAR,REIT - Retail,France,,,
KNIA.F,Kuehne + Nagel International AG,FRA,Air Delivery & Freight Services,France,,,
SKB.F,Koenig & Bauer AG,FRA,Diversified Machinery,France,,,
KPN.F,Koninklijke KPN N.V.,FRA,Wireless Communications,France,,,
KSC.F,KPS AG,FRA,Business Services,France,,,
SDF.F,K+S Aktiengesellschaft,FRA,Chemicals - Major Diversified,France,,,
KSB.F,KSB Aktiengesellschaft,FRA,Diversified Machinery,France,,,
KSB3.F,KSB Aktiengesellschaft,FRA,Diversified Machinery,France,,,
KU2.F,KUKA Aktiengesellschaft,FRA,Diversified Machinery,France,,,
ULC.F,UNITEDLABELS Aktiengesellschaft,FRA,Apparel Stores,France,,,
LUS.F,Lang & Schwarz Aktiengesellschaft,FRA,Investment Brokerage - National,France,,,
LCR.F,Las Vegas Sands Corp.,FRA,Resorts & Casinos,France,,,
LCR.DE,Las Vegas Sands Corp.,FRA,Resorts & Casinos,France,,,
LDL.PA,Groupe LDLC,PAR,Specialty Retail, Other,France,,,
OSR.F,OSRAM Licht AG,FRA,Diversified Electronics,France,,,
LEI.F,Leifheit Aktiengesellschaft,FRA,Personal Products,France,,,
LEO.F,LEONI AG,FRA,Auto Parts,France,,,
LNC.PA,Les Nouveaux Constructeurs SA,PAR,Residential Construction,France,,,
LOR.DE,L'Oréal S.A.,FRA,Personal Products,France,,,
LOR.F,L'Oréal S.A.,FRA,Personal Products,France,,,
LOUP.PA,L.D.C. S.A.,PAR,Food - Major Diversified,France,,,
K1R.F,KROMI Logistik AG,FRA,Industrial Equipment Wholesale,France,,,
LOM.F,Lockheed Martin Corporation,FRA,Aerospace/Defense - Major Diversified,France,,,
LSX.F,LS Telcom AG,FRA,Wireless Communications,France,,,
SESG.PA,SES S.A.,PAR,Broadcasting - TV,France,,,
MF6.F,MagForce AG,FRA,Medical Appliances & Equipment,France,,,
MGA.F,Magna International Inc.,FRA,Auto Parts,France,,,
MBQ.F,Mobotix AG,FRA,Communication Equipment,France,,,
MDO.F,McDonald's Corporation,FRA,Restaurants,France,,,
MCE.F,medical columbus AG,FRA,Information Technology Services,France,,,
MDN.F,Medion AG,FRA,Electronic Equipment,France,,,
MED.F,MEDICLIN Aktiengesellschaft,FRA,Hospitals,France,,,
SPM.F,Splendid Medien AG,FRA,Entertainment - Diversified,France,,,
MGN.F,Mologen AG,FRA,Biotechnology,France,,,
MSF.DE,Microsoft Corporation,FRA,Business Software & Services,France,,,
M3B.F,Mic AG,FRA,Asset Management,France,,,
MLNEI.PA,News Invest,PAR,Conglomerates,France,,,
MLWEY.PA,Weya SA,PAR,Diversified Utilities,France,,,
MLP.F,MLP AG,FRA,Asset Management,France,,,
MLUMG.PA,Umalis Group,PAR,Staffing & Outsourcing Services,France,,,
MLHOT.PA,Hotelim Société Anonyme,PAR,Lodging,France,,,
MLORC.PA,Orclass Com,PAR,Specialty Retail, Other,France,,,
MLSEC.PA,SECURINFOR Société Anonyme,PAR,Information Technology Services,France,,,
MLCHE.PA,Cheops Technology France SA,PAR,Information Technology Services,France,,,
MLTEA.PA,SA Team,PAR,Aerospace/Defense - Major Diversified,France,,,
MLBAT.PA,Batla Minerals SA,PAR,Industrial Metals & Minerals,France,,,
MLMAD.PA,Made SA,PAR,Diversified Utilities,France,,,
MLVIS.PA,Visio Nerf,PAR,Diversified Machinery,France,,,
MLSOL.PA,Solia SA,PAR,Packaging & Containers,France,,,
MLPHO.PA,Photonike Capital SA,PAR,Diversified Utilities,France,,,
MLONL.PA,Onlineformapro S.A.,PAR,Internet Information Providers,France,,,
MLDEX.PA,DEBFLEX S.A.,PAR,Diversified Electronics,France,,,
MLFDV.PA,FD,PAR,Food Wholesale,France,,,
MLMNR.PA,MNR GROUP SA,PAR,Aerospace/Defense - Major Diversified,France,,,
MLCLP.PA,Colipays, S.A.,PAR,Specialty Retail, Other,France,,,
MLAAE.PA,Caire,PAR,Air Services, Other,France,,,
MLATV.PA,A Toute Vitesse SA,PAR,Business Services,France,,,
MLPGO.PA,PGO Automobiles S.A.,PAR,Auto Manufacturers - Major,France,,,
MOR.F,Morphosys AG,FRA,Biotechnology,France,,,
MONC.PA,Financiere Moncey SA,PAR,Conglomerates,France,,,
MPCK.F,MPC Münchmeyer Petersen Capital AG,FRA,Asset Management,France,,,
4I1.F,Philip Morris International Inc.,FRA,Tobacco Products, Other,France,,,
MRN.PA,Mersen S.A.,PAR,Diversified Electronics,France,,,
MSF.F,Microsoft Corporation,FRA,Business Software & Services,France,,,
MTT.F,Mattel, Inc.,FRA,Recreational Goods, Other,France,,,
MTE.F,Micron Technology, Inc.,FRA,Semiconductor- Memory Chips,France,,,
M4N.F,Muehlhan AG,FRA,Pollution & Treatment Controls,France,,,
GREV.PA,Musee Grevin,PAR,Entertainment - Diversified,France,,,
C1V.F,mVISE AG,FRA,Wireless Communications,France,,,
MZX.F,Masterflex SE,FRA,Rubber & Plastics,France,,,
NN6.F,NanoRepro AG,FRA,Medical Laboratories & Research,France,,,
N7G.F,Nanogate AG,FRA,Rubber & Plastics,France,,,
N2F.F,NanoFocus AG,FRA,Scientific & Technical Instruments,France,,,
NNS.F,Coreo AG,FRA,Asset Management,France,,,
NC5A.F,NorCom Information Technology AG,FRA,Business Services,France,,,
NDX1.F,Nordex SE,FRA,Diversified Machinery,France,,,
NMM.F,Newmont Mining Corporation,FRA,Gold,France,,,
NESR.F,Nestlé S.A.,FRA,Food - Major Diversified,France,,,
NFC.F,Netflix, Inc.,FRA,CATV Systems,France,,,
NXU.F,Nexus AG,FRA,Technical & System Software,France,,,
NMM.DE,Newmont Mining Corporation,FRA,Gold,France,,,
NTG.PA,Netgem SA,PAR,Communication Equipment,France,,,
NEM.F,Nemetschek SE,FRA,Technical & System Software,France,,,
NKE.F,NIKE, Inc.,FRA,Textile - Apparel Footwear & Accessories,France,,,
PHI1.F,Koninklijke Philips N.V.,FRA,Electronic Equipment,France,,,
OKL.F,Orkla ASA,FRA,Food - Major Diversified,France,,,
NOEJ.F,NORMA Group SE,FRA,Metal Fabrication,France,,,
NOT.F,Novartis AG,FRA,Drug Manufacturers - Major,France,,,
NOVA.F,Novo Nordisk A/S,FRA,Biotechnology,France,,,
OS3.F,Opera Software ASA,FRA,Technical & System Software,France,,,
NOA3.F,Nokia Corporation,FRA,Communication Equipment,France,,,
NSU.F,AUDI AG,FRA,Auto Manufacturers - Major,France,,,
SC2.F,Nuance Communications, Inc.,FRA,Technical & System Software,France,,,
NVD.F,NVIDIA Corporation,FRA,Semiconductor - Broad Line,France,,,
OBS.F,ORBIS AG,FRA,Business Services,France,,,
OPC.F,Occidental Petroleum Corporation,FRA,Independent Oil & Gas,France,,,
SACI.PA,Fiducial Office Solutions,PAR,Specialty Retail, Other,France,,,
P4O.F,Plan Optik AG,FRA,Scientific & Technical Instruments,France,,,
O4B.F,OVB Holding AG,FRA,Investment Brokerage - National,France,,,
INP.F,International Paper Company,FRA,Packaging & Containers,France,,,
UNP.F,Union Pacific Corporation,FRA,Railroads,France,,,
UIS.F,Uranium Participation Corporation,FRA,Industrial Metals & Minerals,France,,,
PARP.PA,Groupe Partouche SA,PAR,Resorts & Casinos,France,,,
PCE1.F,The Priceline Group Inc.,FRA,Recreational Goods, Other,France,,,
PES.F,Pearson plc,FRA,Publishing - Newspapers,France,,,
WHT.F,Whiting Petroleum Corporation,FRA,Independent Oil & Gas,France,,,
PEU.F,Peugeot S.A.,FRA,Auto Manufacturers - Major,France,,,
PEU.DE,Peugeot S.A.,FRA,Auto Manufacturers - Major,France,,,
WOPA.F,Woodside Petroleum Ltd,FRA,Independent Oil & Gas,France,,,
PFE.DE,Pfizer Inc.,FRA,Drug Manufacturers - Major,France,,,
PFE.F,Pfizer Inc.,FRA,Drug Manufacturers - Major,France,,,
S3F.F,Santhera Pharmaceuticals Holding AG,FRA,Biotechnology,France,,,
VX1.F,Vertex Pharmaceuticals Incorporated,FRA,Biotechnology,France,,,
RUSAL.PA,United Company RUSAL Plc,PAR,Aluminum,France,,,
PNE3.F,PNE Wind AG,FRA,Electric Utilities,France,,,
PSM.F,ProSiebenSat.1 Media SE,FRA,Broadcasting - TV,France,,,
PSAN.F,PSI Software AG,FRA,Business Software & Services,France,,,
TPE.F,PVA TePla AG,FRA,Diversified Machinery,France,,,
PWO.F,Progress Werk Oberkirch AG,FRA,Auto Parts,France,,,
PZS.F,Scherzer & Co. AG,FRA,Conglomerates,France,,,
RAA.F,RATIONAL Aktiengesellschaft,FRA,Industrial Equipment Wholesale,France,,,
RTN1.F,Raytheon Company,FRA,Aerospace/Defense - Major Diversified,France,,,
RHM.F,Rheinmetall AG,FRA,Diversified Machinery,France,,,
RIO1.F,Rio Tinto plc,FRA,Industrial Metals & Minerals,France,,,
RKET.F,Rocket Internet SE,FRA,Technical & System Software,France,,,
RPL.F,UPM-Kymmene Oyj,FRA,Paper & Paper Products,France,,,
RTC.F,RealTech AG,FRA,Information Technology Services,France,,,
RWE.F,RWE Aktiengesellschaft,FRA,Diversified Utilities,France,,,
RWE3.F,RWE Aktiengesellschaft,FRA,Diversified Utilities,France,,,
VALE3.PA,Vale S.A.,PAR,Industrial Metals & Minerals,France,,,
SLT.F,Schaltbau Holding AG,FRA,General Contractors,France,,,
SHF.F,SNP Schneider-Neureither & Partner AG,FRA,Business Software & Services,France,,,
SDT.PA,Visiodent S.A.,PAR,Healthcare Information Services,France,,,
SFO.F,Softship AG,FRA,Information Technology Services,France,,,
SFD1.F,Softline AG,FRA,Information Technology Services,France,,,
F3C.F,SFC Energy AG,FRA,Diversified Machinery,France,,,
SW1.F,SHW AG,FRA,Auto Parts,France,,,
SVE.F,Shareholder Value Beteiligungen AG,FRA,Business Services,France,,,
SIX3.F,Sixt SE,FRA,Rental & Leasing Services,France,,,
SIE.F,Siemens Aktiengesellschaft,FRA,Diversified Machinery,France,,,
SZZ.F,SinnerSchrader Aktiengesellschaft,FRA,Marketing Services,France,,,
SK1A.F,SKW Stahl-Metallurgie Holding AG,FRA,Chemicals - Major Diversified,France,,,
SNW2.F,Sanofi,FRA,Drug Manufacturers - Major,France,,,
SNW.F,Sanofi,FRA,Drug Manufacturers - Major,France,,,
SYT.F,Softing AG,FRA,Information Technology Services,France,,,
F3A.F,First Solar, Inc.,FRA,Diversified Utilities,France,,,
SRT.F,Sartorius Aktiengesellschaft,FRA,Scientific & Technical Instruments,France,,,
SRT3.F,Sartorius Aktiengesellschaft,FRA,Scientific & Technical Instruments,France,,,
WMT.F,Wal-Mart Stores, Inc.,FRA,Discount, Variety Stores,France,,,
SYK.F,Stryker Corporation,FRA,Medical Appliances & Equipment,France,,,
SZU.F,Südzucker AG,FRA,Confectioners,France,,,
SUR.F,Surteco SE,FRA,Paper & Paper Products,France,,,
UHRN.F,The Swatch Group AG,FRA,Jewelry Stores,France,,,
UHR.F,The Swatch Group AG,FRA,Jewelry Stores,France,,,
SWJ.F,Swisscom AG,FRA,Wireless Communications,France,,,
SWVK.F,SolarWorld Aktiengesellschaft,FRA,Diversified Utilities,France,,,
V3S.F,Vectron Systems AG,FRA,Technical & System Software,France,,,
SYZ.F,Syzygy AG,FRA,Information Technology Services,France,,,
SYM.F,Symantec Corporation,FRA,Technical & System Software,France,,,
LIO1.F,Sygnis AG,FRA,Medical Laboratories & Research,France,,,
SZG.F,Salzgitter Aktiengesellschaft,FRA,Steel & Iron,France,,,
TLX.F,Talanx Aktiengesellschaft,FRA,Property & Casualty Insurance,France,,,
TAYN.PA,Societe de Tayninh SA,PAR,Investment Brokerage - National,France,,,
TTK.F,TAKKT AG,FRA,Marketing Services,France,,,
TLI.F,TELES Aktiengesellschaft Informationstechnologien,FRA,Communication Equipment,France,,,
WSU.F,Washtec AG,FRA,Diversified Machinery,France,,,
TFI.PA,TF1 Group,PAR,Broadcasting - TV,France,,,
TIPI.PA,Tipiak Société Anonyme,PAR,Food - Major Diversified,France,,,
TIN.F,Baumot Group AG,FRA,Auto Parts,France,,,
TKA.F,ThyssenKrupp AG,FRA,Steel & Iron,France,,,
TOTB.F,TOTAL S.A.,FRA,Major Integrated Oil & Gas,France,,,
TOU.PA,Toupargel Groupe SA,PAR,Food Wholesale,France,,,
TOTA.F,TOTAL S.A.,FRA,Major Integrated Oil & Gas,France,,,
TPN.F,Triplan AG,FRA,General Contractors,France,,,
TTR1.F,Technotrans AG,FRA,Business Equipment,France,,,
UNIN.F,Unilever N.V.,FRA,Personal Products,France,,,
U6Z.F,Uranium Energy Corp.,FRA,Industrial Metals & Minerals,France,,,
UTC1.F,United Technologies Corporation,FRA,Aerospace/Defense - Major Diversified,France,,,
UZU.F,Uzin Utz AG,FRA,Specialty Chemicals,France,,,
UUU.F,3U Holding AG,FRA,Wireless Communications,France,,,
VAC.F,Vallourec SA,FRA,Steel & Iron,France,,,
VIH.F,VIB VermÃ¶gen AG,FRA,Real Estate Development,France,,,
VETO.PA,Vétoquinol SA,PAR,Drug Manufacturers - Major,France,,,
V3V.F,VITA 34 AG,FRA,Biotechnology,France,,,
V6C.F,Viscom AG,FRA,Scientific & Technical Instruments,France,,,
VVU.F,Vivendi SA,FRA,Wireless Communications,France,,,
VSC.F,4SC AG,FRA,Biotechnology,France,,,
VT9.F,VTG Aktiengesellschaft,FRA,Railroads,France,,,
WCH.F,Wacker Chemie AG,FRA,Chemicals - Major Diversified,France,,,
WEG1.F,Westgrund AG,FRA,Real Estate Development,France,,,
WIG1.F,_wige MEDIA AG,FRA,CATV Systems,France,,,
WLN.PA,Worldline S.A.,PAR,Business Services,France,,,
ENI1.F,Eni S.p.A.,FRA,Major Integrated Oil & Gas,France,,,
BAS.F,BASF SE,FRA,Chemicals - Major Diversified,France,,,
B5A.F,BAUER Aktiengesellschaft,FRA,General Contractors,France,,,
B8A.F,BAVARIA Industries Group AG,FRA,Asset Management,France,,,
BAYN.F,Bayer Aktiengesellschaft,FRA,Drug Manufacturers - Major,France,,,
3RB.F,Reckitt Benckiser Group plc,FRA,Personal Products,France,,,
BRM.F,Bristol-Myers Squibb Company,FRA,Drug Manufacturers - Major,France,,,
COK.F,Cancom SE,FRA,Information Technology Services,France,,,
CAT1.F,Caterpillar Inc.,FRA,Farm & Construction Machinery,France,,,
CAT1.DE,Caterpillar Inc.,FRA,Farm & Construction Machinery,France,,,
RE.PA,Colas SA,PAR,General Contractors,France,,,
CON.F,Continental Aktiengesellschaft,FRA,Auto Parts,France,,,
DEX.F,Delticom AG,FRA,Specialty Retail, Other,France,,,
F3A.DE,First Solar, Inc.,FRA,Diversified Utilities,France,,,
FIV.F,Fiserv, Inc.,FRA,Business Services,France,,,
FRA.F,Fraport AG,FRA,Heavy Construction,France,,,
FRE.F,Fresenius SE & Co. KGaA,FRA,Hospitals,France,,,
INH.F,INDUS Holding AG,FRA,General Building Materials,France,,,
INFY.PA,Infosys Limited,PAR,Information Technology Services,France,,,
INL.F,Intel Corporation,FRA,Semiconductor - Broad Line,France,,,
LIN.PA,Linedata Services S.A.,PAR,Technical & System Software,France,,,
LIN.F,Linde Aktiengesellschaft,FRA,Chemicals - Major Diversified,France,,,
MAN.F,MAN SE,FRA,Trucks & Other Vehicles,France,,,
MAN.PA,Manutan International SA,PAR,Business Services,France,,,
M5Z.F,Manz AG,FRA,Semiconductor Equipment & Materials,France,,,
M4I.F,Mastercard Incorporated,FRA,Credit Services,France,,,
M3V.F,MeVis Medical Solutions AG,FRA,Technical & System Software,France,,,
6MK.DE,Merck & Co., Inc.,FRA,Drug Manufacturers - Major,France,,,
6MK.F,Merck & Co., Inc.,FRA,Drug Manufacturers - Major,France,,,
MIGA.F,MicroStrategy Incorporated,FRA,Technical & System Software,France,,,
PRG.F,The Procter & Gamble Company,FRA,Personal Products,France,,,
SAP.F,SAP SE,FRA,Technical & System Software,France,,,
SAX.F,Ströer SE & Co. KGaA,FRA,Advertising Agencies,France,,,
S7MB.F,Securitas AB,FRA,Security & Protection Services,France,,,
SEFER.PA,SergeFerrari Group SA,PAR,General Building Materials,France,,,
SONA.DE,Sony Corporation,FRA,Electronic Equipment,France,,,
ST5.F,STEICO SE,FRA,Diversified Machinery,France,,,
USX1.F,United States Steel Corporation,FRA,Steel & Iron,France,,,
2GB.F,2G energy AG,FRA,Diversified Machinery,France,,,
A7A.F,FinLab AG,FRA,Asset Management,France,,,